"","baseMean","log2FoldChange","lfcSE","stat","pvalue","padj"
"ENSMUST00000170827.9|ENSMUSG00000068036.17|OTTMUSG00000029503|-|Afdn-216|Afdn|7338|protein_coding|",788.994356628976,-2.06442179924387,0.219415450731526,-9.40873485600551,5.02144386971031e-21,3.55739169505757e-16
"ENSMUST00000237595.2|ENSMUSG00000024485.17|OTTMUSG00000073390|OTTMUST00000178079.1|Slc4a9-211|Slc4a9|2733|protein_coding|",476.360775719943,-12.2811854715271,1.39727132323254,-8.78940637178113,1.50352289669402e-18,5.32577880466957e-14
"ENSMUST00000048188.10|ENSMUSG00000072501.6|OTTMUSG00000070604|OTTMUST00000170672.1|Phf20l1-201|Phf20l1|6665|protein_coding|",149.918950851031,10.7285324407694,1.23421422544722,8.6926015107968,3.54233090172283e-18,8.36509634672175e-14
"ENSMUST00000247532.1|ENSMUSG00000053332.16|OTTMUSG00000035061|-|Gas5-292|Gas5|2817|retained_intron|",177.04284991326,-10.8534617636238,1.2538423318984,-8.65616153443383,4.87917039864515e-18,8.64149869304042e-14
"ENSMUST00000069690.5|ENSMUSG00000021144.15|OTTMUSG00000017198|OTTMUST00000041648.1|Mta1-202|Mta1|2697|protein_coding|",184.216704832285,11.0253410690189,1.29947644995921,8.48444854030636,2.16744161273278e-17,3.07100467224882e-13
"ENSMUST00000111472.6|ENSMUSG00000029394.12|OTTMUSG00000024438|OTTMUST00000059922.1|Cdk2ap1-202|Cdk2ap1|648|protein_coding|",169.183164197838,2.1542681930693,0.254599807538772,8.46138971547038,2.64209854837032e-17,3.11961382601245e-13
"ENSMUST00000105690.9|ENSMUSG00000039936.19|OTTMUSG00000010264|OTTMUST00000023877.1|Pik3cd-204|Pik3cd|4921|protein_coding|",130.800938532358,10.5319844808858,1.27487228842606,8.26120747662374,1.4420617849487e-16,1.45944892989866e-12
"ENSMUST00000109533.8|ENSMUSG00000027646.16|OTTMUSG00000016179|OTTMUST00000042347.1|Src-205|Src|3813|protein_coding|",119.340704495233,10.3995299776379,1.29033424085454,8.0595629011214,7.65677355599612e-16,6.78045582251237e-12
"ENSMUST00000313609.1|ENSMUSG00000132710.1|-|-|ENSMUST00000313609|ENSMUSG00000132710|998|lncRNA|",221.442025348123,-3.00283036321946,0.373880657696307,-8.03152102524271,9.62715711635617e-16,7.57807020834596e-12
"ENSMUST00000310931.1|ENSMUSG00000053332.16|OTTMUSG00000035061|-|Gas5-387|Gas5|831|lncRNA|",110.427665583444,10.2837472816293,1.30582690418294,7.87527600226916,3.39991479494258e-15,2.40863563732912e-11
"ENSMUST00000092884.11|ENSMUSG00000000631.21|OTTMUSG00000000073|OTTMUST00000090536.1|Myo18a-202|Myo18a|5117|protein_coding|",190.099375559067,11.0706220411329,1.43461858319863,7.71677027663327,1.19314414570037e-14,7.68428216890882e-11
"ENSMUST00000042944.9|ENSMUSG00000024451.10|OTTMUSG00000073423|OTTMUST00000178184.1|Arap3-201|Arap3|5219|protein_coding|",93.3213679831287,10.0452629624427,1.30894929502909,7.67429494831537,1.66330961609304e-14,9.81962553687459e-11
"ENSMUST00000160870.8|ENSMUSG00000029207.18|OTTMUSG00000033024|OTTMUST00000082397.1|Apbb2-209|Apbb2|6526|protein_coding|",95.6699278243642,-9.96449302729397,1.31523942597049,-7.5761818194747,3.55872984100371e-14,1.93934351427744e-10
"ENSMUST00000337388.1|ENSMUSG00000136721.1|-|-|ENSMUST00000337388|ENSMUSG00000136721|1969|lncRNA|",721.545070279476,-1.58617032613401,0.21230327572325,-7.47124753836433,7.94380571561916e-14,3.80885098943329e-10
"ENSMUST00000246844.1|ENSMUSG00000109644.4|OTTMUSG00000030340|-|0610005C13Rik-213|0610005C13Rik|932|lncRNA|",61.6308484332658,-9.33280717265077,1.24949523440059,-7.46926191929651,8.0645876632459e-14,3.80885098943329e-10
"ENSMUST00000213146.2|ENSMUSG00000037541.23|OTTMUSG00000016451|OTTMUST00000151877.1|Shank2-206|Shank2|2449|protein_coding|",176.499453154346,-2.47199469053369,0.332247203657687,-7.44022722635335,1.00512258752512e-13,4.45043153691434e-10
"ENSMUST00000004201.8|ENSMUSG00000004098.8|OTTMUSG00000022343|OTTMUST00000053292.1|Col5a3-201|Col5a3|6119|protein_coding|",238.804981828173,2.39222041902985,0.323889865645447,7.38590697878935,1.51417630345781e-13,6.31001800248031e-10
"ENSMUST00000112207.8|ENSMUSG00000021948.18|OTTMUSG00000025129|OTTMUST00000061815.1|Prkcd-205|Prkcd|2139|protein_coding|",65.6018862566092,9.53619010495777,1.30398395047468,7.31311923086658,2.61011216121565e-13,1.02728214416201e-09
"ENSMUST00000147479.8|ENSMUSG00000029516.20|OTTMUSG00000014714|OTTMUST00000034907.1|Cit-216|Cit|5016|protein_coding_CDS_not_defined|",60.538672608431,-9.30469300525499,1.2765287940073,-7.28905845989228,3.12128603695793e-13,1.16381256843288e-09
"ENSMUST00000245429.2|ENSMUSG00000115681.4|OTTMUSG00000070557|-|Gm2682-210|Gm2682|1943|lncRNA|",57.6880844228558,-9.23549383220734,1.27420494041413,-7.24804428179793,4.22832387290695e-13,1.4977568822611e-09
"ENSMUST00000085108.8|ENSMUSG00000033713.13|OTTMUSG00000042153|-|Foxn3-202|Foxn3|2611|protein_coding|",70.2936785072272,9.6341828157962,1.33555768282403,7.21360293134236,5.44904989740937e-13,1.83824995681938e-09
"ENSMUST00000007449.9|ENSMUSG00000052131.8|OTTMUSG00000014785|OTTMUST00000035089.1|Akr1b7-201|Akr1b7|1281|protein_coding|",712.490526596663,-7.33860652082888,1.0198576041223,-7.19571682474688,6.21334623808905e-13,1.9730922082911e-09
"ENSMUST00000210383.3|ENSMUSG00000109644.4|OTTMUSG00000030340|OTTMUST00000075144.1|0610005C13Rik-204|0610005C13Rik|918|lncRNA|",48.2627300767038,9.09136746269469,1.26509228025965,7.18632751504007,6.65572789084309e-13,1.9730922082911e-09
"ENSMUST00000171565.8|ENSMUSG00000023050.10|OTTMUSG00000036001|OTTMUST00000092377.1|Map3k12-208|Map3k12|4318|protein_coding|",56.2961391565558,-9.19985394793085,1.28029274698534,-7.18574245585115,6.68429408263034e-13,1.9730922082911e-09
"ENSMUST00000161380.9|ENSMUSG00000053332.16|OTTMUSG00000035061|OTTMUST00000089191.1|Gas5-219|Gas5|783|retained_intron|",49.8727214189476,-9.02789430518321,1.2606045306304,-7.16155946279885,7.97644011133855e-13,2.26033169299067e-09
"ENSMUST00000313608.1|ENSMUSG00000132710.1|-|-|ENSMUST00000313608|ENSMUSG00000132710|980|lncRNA|",160.688970372571,-3.16033630620109,0.447483786606434,-7.06245991652126,1.63580511246519e-12,4.45719143798014e-09
"ENSMUST00000079081.8|ENSMUSG00000024411.12|OTTMUSG00000072883|OTTMUST00000176301.1|Aqp4-201|Aqp4|5054|protein_coding|",92.3247013051404,10.0296582127072,1.42240919947743,7.05117642405008,1.77411380503467e-12,4.65501179273614e-09
"ENSMUST00000254006.1|ENSMUSG00000122616.1|-|-|ENSMUST00000254006|ENSMUSG00000122616|2025|lncRNA|",57.3931100670405,-9.22843116163041,1.31867170119964,-6.99827800447603,2.59127533983617e-12,6.55629679197692e-09
"ENSMUST00000103033.8|ENSMUSG00000020747.19|OTTMUSG00000003538|OTTMUST00000007583.1|Tmem94-202|Tmem94|5238|protein_coding|",68.3422645594735,-9.47934538005013,1.3574984336873,-6.98295124680322,2.8904273962252e-12,7.06101511924753e-09
"ENSMUST00000076842.7|ENSMUSG00000091957.6|OTTMUSG00000046081|OTTMUST00000120318.1|Rps2-ps10-201|Rps2-ps10|879|transcribed_processed_pseudogene|",1480.07098589163,27.1556873443572,3.90679052007334,6.95089414311556,3.62978170347323e-12,8.57160850002857e-09
"ENSMUST00000105902.8|ENSMUSG00000037541.23|OTTMUSG00000016451|OTTMUST00000039639.1|Shank2-203|Shank2|8988|protein_coding|",448.628851667626,-2.61666318227799,0.378460964165047,-6.91395792443433,4.71315020470088e-12,1.07709165516719e-08
"ENSMUST00000239404.2|ENSMUSG00000055320.19|OTTMUSG00000036056|-|Tead1-216|Tead1|9899|protein_coding|",92.6806813995998,10.0350887760736,1.45405217367092,6.90146403119695,5.14693046639507e-12,1.13946606862904e-08
"ENSMUST00000025651.6|ENSMUSG00000024742.16|OTTMUSG00000034053|OTTMUST00000086008.1|Fen1-201|Fen1|2341|protein_coding|",114.20811990911,-10.221239879771,1.48375760328365,-6.88875316099523,5.62835011241536e-12,1.20828737989077e-08
"ENSMUST00000091848.7|ENSMUSG00000045410.19|OTTMUSG00000027700|OTTMUST00000068541.1|Akr1e1-201|Akr1e1|3463|protein_coding|",378.750522517303,2.14512220595355,0.314455219368998,6.82170965474214,8.99633524136338e-12,1.87451874658573e-08
"ENSMUST00000195589.6|ENSMUSG00000079293.13|OTTMUSG00000042656|OTTMUST00000112324.1|Clec7a-203|Clec7a|2272|protein_coding_LoF|",1332.56955499048,2.35063267062577,0.351639387955439,6.68478205554053,2.31268566424904e-11,4.65665415250752e-08
"ENSMUST00000118366.9|ENSMUSG00000024012.19|OTTMUSG00000028973|OTTMUST00000071869.1|Mtch1-202|Mtch1|1897|protein_coding|",100.315378810297,-10.0340965453471,1.50179018543114,-6.68142370531372,2.36631965290315e-11,4.65665415250752e-08
"ENSMUST00000166005.8|ENSMUSG00000059475.14|OTTMUSG00000036855|-|Zfp426-208|Zfp426|1653|protein_coding|",35.358838501055,8.643589921405,1.31659819190069,6.56509326427588,5.20003052872791e-11,9.9565125074919e-08
"ENSMUST00000102505.10|ENSMUSG00000017774.20|OTTMUSG00000006212|OTTMUST00000014011.1|Myo1c-203|Myo1c|4652|protein_coding|",549.267261700507,-1.565681999598,0.2395250777135,-6.53660992220086,6.29288922366394e-11,1.17319327410855e-07
"ENSMUST00000242309.2|ENSMUSG00000053332.16|OTTMUSG00000035061|-|Gas5-235|Gas5|906|retained_intron|",47.0481758046666,9.05332827471288,1.39157047239505,6.50583528057411,7.72628513339053e-11,1.34562872827839e-07
"ENSMUST00000085215.11|ENSMUSG00000021224.16|OTTMUSG00000031495|OTTMUST00000078075.1|Numb-202|Numb|3468|nonsense_mediated_decay|",54.2025050963795,9.25923638111048,1.4234803942467,6.50464623083932,7.78764297038759e-11,1.34562872827839e-07
"ENSMUST00000166940.3|ENSMUSG00000021044.16|OTTMUSG00000066836|OTTMUST00000162081.1|Adck1-202|Adck1|2199|protein_coding|",35.3264369372948,8.64313178068535,1.32770744784812,6.50981644690905,7.52426889788759e-11,1.34562872827839e-07
"ENSMUST00000105494.8|ENSMUSG00000044770.15|OTTMUSG00000017273|OTTMUST00000041828.1|Scml4-202|Scml4|4166|protein_coding|",188.575438441891,-3.55742773741703,0.547971227965805,-6.49199730909781,8.47057720095621e-11,1.42878469339177e-07
"ENSMUST00000206117.2|ENSMUSG00000030766.16|OTTMUSG00000058125|OTTMUST00000142745.1|Arhgap17-208|Arhgap17|3311|nonsense_mediated_decay|",35.0309207258078,-8.51615633798241,1.3167787594519,-6.46741624350561,9.96927640636899e-11,1.64247306449489e-07
"ENSMUST00000223428.3|ENSMUSG00000113061.2|OTTMUSG00000000655|OTTMUST00000001267.1|Rps18-ps5-201|Rps18-ps5|607|processed_pseudogene|",6157.24018140069,-0.725262583536619,0.112893288791205,-6.42431973859834,1.32460522648434e-10,2.08534072589015e-07
"ENSMUST00000149982.2|ENSMUSG00000058254.13|OTTMUSG00000016730|OTTMUST00000040546.1|Tspan7-203|Tspan7|6792|retained_intron|",33.2380304199219,-8.43929443464371,1.31343900660678,-6.42534171148631,1.31573614382459e-10,2.08534072589015e-07
"ENSMUST00000055918.7|ENSMUSG00000049103.15|OTTMUSG00000035281|OTTMUST00000089982.1|Ccr2-201|Ccr2|2999|protein_coding|",39.2818767902736,8.79486269952358,1.37045874622411,6.41745891567713,1.38567737894428e-10,2.13406365725932e-07
"ENSMUST00000185374.2|ENSMUSG00000032418.16|OTTMUSG00000045046|OTTMUST00000118381.1|Me1-202|Me1|3292|protein_coding|",51.5733662284016,9.18933378512347,1.43293970189717,6.4129242653805,1.42754448156425e-10,2.15176513301995e-07
"ENSMUST00000115315.3|ENSMUSG00000001348.16|OTTMUSG00000062335|-|Acp5-202|Acp5|1349|protein_coding|",51.7996837494103,-9.08142249232892,1.43325643386474,-6.33621610045111,2.354764592338e-10,3.47543630790819e-07
"ENSMUST00000239466.2|ENSMUSG00000022149.19|OTTMUSG00000026361|-|C9-205|C9|1757|protein_coding|",166.280401703643,10.8770638289084,1.73669624675618,6.26307786938833,3.77452010063956e-10,5.45718575530018e-07
"ENSMUST00000237142.2|ENSMUSG00000024803.10|OTTMUSG00000074041|OTTMUST00000179645.1|Ankrd1-205|Ankrd1|2020|protein_coding|",54.9572345059336,-9.16548831027606,1.46528290629746,-6.2550980912183,3.97266137919338e-10,5.62878445495152e-07
"ENSMUST00000122850.2|ENSMUSG00000001127.13|OTTMUSG00000017167|OTTMUST00000068671.1|Araf-204|Araf|826|protein_coding|",35.2938859014001,8.63819807294336,1.3818231858639,6.25130491463195,4.07037311955748e-10,5.65414731925354e-07
"ENSMUST00000135312.3|ENSMUSG00000048865.17|OTTMUSG00000021534|OTTMUST00000051071.1|Arhgap30-203|Arhgap30|4644|retained_intron|",29.1525257865396,8.36667520956713,1.34774775033505,6.20789402726675,5.36993404499712e-10,7.31591552853415e-07
"ENSMUST00000127675.2|ENSMUSG00000044770.15|OTTMUSG00000017273|OTTMUST00000041831.1|Scml4-205|Scml4|2214|protein_coding_CDS_not_defined|",52.2225325817321,-3.72303945071099,0.60075674129664,-6.19724956007217,5.7458359780471e-10,7.63778926755309e-07
"ENSMUST00000044721.13|ENSMUSG00000019302.18|OTTMUSG00000002124|OTTMUST00000004306.1|Atp6v0a1-201|Atp6v0a1|4008|protein_coding|",41.3028666655423,-8.75278934320956,1.41283839063203,-6.19518085100592,5.82181441544615e-10,7.63778926755309e-07
"ENSMUST00000220929.4|ENSMUSG00000113204.4|OTTMUSG00000067549|OTTMUST00000163485.1|Gm46430-202|Gm46430|3764|lncRNA|",55.1038395368289,-9.16945951337396,1.48473806320805,-6.17580955226653,6.58252970003612e-10,8.47877698307925e-07
"ENSMUST00000106462.9|ENSMUSG00000028689.15|OTTMUSG00000009569|OTTMUST00000021940.1|Ccdc163-202|Ccdc163|1112|protein_coding|",31.8829851427561,-8.3808843748748,1.35989509866425,-6.16289034581189,7.14289728950772e-10,8.87774413294535e-07
"ENSMUST00000093336.8|ENSMUSG00000049916.13|OTTMUSG00000060064|OTTMUST00000172563.1|2610318N02Rik-201|2610318N02Rik|1266|protein_coding|",36.2755082288999,-8.56771730970476,1.38969046678086,-6.16519830459179,7.03948642227408e-10,8.87774413294535e-07
"ENSMUST00000119212.8|ENSMUSG00000033540.19|OTTMUSG00000027012|OTTMUST00000066780.1|Idua-203|Idua|3022|protein_coding|",32.5593258802341,8.52531563496002,1.39490396405519,6.11175812431965,9.85394575355605e-10,1.20360850511194e-06
"ENSMUST00000172532.8|ENSMUSG00000042942.19|OTTMUSG00000037156|OTTMUST00000095715.1|Greb1l-202|Greb1l|2974|protein_coding|",28.737092416366,-8.23072465172888,1.34993733206057,-6.09711610772728,1.07999078377246e-09,1.29679435738265e-06
"ENSMUST00000086978.12|ENSMUSG00000029403.15|OTTMUSG00000025604|OTTMUST00000062998.1|Cdkl2-202|Cdkl2|4066|protein_coding|",44.0524404846797,8.9613703527602,1.47860578809689,6.06068934999529,1.35539385619553e-09,1.60035870580526e-06
"ENSMUST00000107099.8|ENSMUSG00000015943.12|OTTMUSG00000021905|OTTMUST00000052019.1|Bola1-202|Bola1|995|protein_coding|",24.3231480410073,8.1018975186708,1.33881934370806,6.05152409602282,1.43481817652595e-09,1.64622817487238e-06
"ENSMUST00000141902.8|ENSMUSG00000039753.17|OTTMUSG00000053749|OTTMUST00000071991.1|Fbxl5-209|Fbxl5|2517|protein_coding|",24.3153357324489,8.10478288301913,1.33944240962426,6.05086327324267,1.44071688275772e-09,1.64622817487238e-06
"ENSMUST00000125841.5|ENSMUSG00000074578.17|OTTMUSG00000001137|OTTMUST00000038848.1|Zfas1-201|Zfas1|693|retained_intron|",30.0031289498876,-8.29500939981699,1.37385689669529,-6.03775358246555,1.56274462946293e-09,1.75731873856622e-06
"ENSMUST00000078977.14|ENSMUSG00000058835.15|OTTMUSG00000016621|OTTMUST00000083350.1|Abi1-201|Abi1|3027|protein_coding|",62.8932162937529,9.47550478384343,1.57071345681766,6.03261195905284,1.61330493706384e-09,1.78582773377111e-06
"ENSMUST00000162648.3|ENSMUSG00000036955.17|OTTMUSG00000031220|OTTMUST00000077374.1|Kifbp-207|Kifbp|1699|nonsense_mediated_decay|",30.1399182751651,8.41181651544526,1.39680323677221,6.02219145402587,1.72071180868553e-09,1.84700162688663e-06
"ENSMUST00000040828.7|ENSMUSG00000073421.7|OTTMUSG00000037120|OTTMUST00000095573.1|H2-Ab1-201|H2-Ab1|1212|protein_coding|",1890.1691137955,3.7427269786669,0.621486861512581,6.02221416162816,1.72047034697145e-09,1.84700162688663e-06
"ENSMUST00000137169.8|ENSMUSG00000037426.19|OTTMUSG00000028553|OTTMUST00000084773.1|Depdc5-210|Depdc5|3359|protein_coding|",57.0399021556258,9.33306828649673,1.55818109593874,5.98971987968699,2.10202767414307e-09,2.22262759025361e-06
"ENSMUST00000145980.2|ENSMUSG00000028557.11|OTTMUSG00000008287|OTTMUST00000018846.1|Rnf11-203|Rnf11|663|protein_coding|",30.8258996989494,8.44320695268449,1.41114142777102,5.9832464602935,2.18733406796869e-09,2.27644639647854e-06
"ENSMUST00000110255.8|ENSMUSG00000036469.17|OTTMUSG00000016640|OTTMUST00000040256.1|Marchf1-205|Marchf1|4177|protein_coding|",38.8623745106524,8.78179530217107,1.46884824755752,5.97869474724424,2.2493259521413e-09,2.27644639647854e-06
"ENSMUST00000034820.16|ENSMUSG00000032280.18|OTTMUSG00000035108|OTTMUST00000089309.1|Tle3-201|Tle3|4646|protein_coding|",45.4008283180281,9.00539071021131,1.50605253589753,5.97946651631549,2.23869571137461e-09,2.27644639647854e-06
"ENSMUST00000161662.8|ENSMUSG00000020329.13|OTTMUSG00000027870|OTTMUST00000069000.1|Polrmt-209|Polrmt|1287|protein_coding|",27.3235623106107,8.26953779966846,1.38462481017164,5.97240331021035,2.33783706694523e-09,2.33270041085447e-06
"ENSMUST00000224267.3|ENSMUSG00000021273.12|OTTMUSG00000068749|OTTMUST00000166190.1|Fdft1-203|Fdft1|664|retained_intron|",25.4774245075492,-8.06012396919565,1.35691091032837,-5.940053917943,2.84928349131251e-09,2.80353666192422e-06
"ENSMUST00000036555.8|ENSMUSG00000033590.9|OTTMUSG00000062795|OTTMUST00000152925.1|Myo5c-201|Myo5c|6727|protein_coding|",267.608378983579,1.46273454030131,0.246535173522217,5.93316774804749,2.97144977373608e-09,2.88369024343231e-06
"ENSMUST00000133490.2|ENSMUSG00000040506.17|OTTMUSG00000014330|OTTMUST00000033816.1|Ambra1-207|Ambra1|663|protein_coding_CDS_not_defined|",24.1181651182607,8.08795045523084,1.37030642842418,5.90229330277011,3.5848310847912e-09,3.38618364494597e-06
"ENSMUST00000033074.8|ENSMUSG00000096145.3|OTTMUSG00000031112|OTTMUST00000077081.1|Vkorc1-201|Vkorc1|748|protein_coding|",1892.8834100666,-1.0102027778788,0.1711450315468,-5.90261235601549,3.57790286670655e-09,3.38618364494597e-06
"ENSMUST00000231030.2|ENSMUSG00000023044.3|OTTMUSG00000071236|OTTMUST00000172406.1|Csad-222|Csad|888|protein_coding|",25.2296919922758,8.15640204433533,1.39391479790193,5.85143514984705,4.87349304260438e-09,4.54286501460874e-06
"ENSMUST00000213254.2|ENSMUSG00000031996.18|OTTMUSG00000062829|OTTMUST00000152996.1|Aplp2-203|Aplp2|1961|protein_coding|",821.530158383553,-0.893161082317279,0.153827314034892,-5.80625806230152,6.38844731678562e-09,5.87770339883585e-06
"ENSMUST00000040655.14|ENSMUSG00000036594.16|OTTMUSG00000037121|OTTMUST00000095576.1|H2-Aa-201|H2-Aa|1128|protein_coding|",3504.70493036839,3.72181975481114,0.646334981082532,5.75834491980854,8.49426533203341e-09,7.71497093823814e-06
"ENSMUST00000025663.8|ENSMUSG00000024754.14|OTTMUSG00000073833|OTTMUST00000179126.1|Cemip2-201|Cemip2|6602|protein_coding|",754.84321058114,1.33665929395006,0.232764184091174,5.74254711552398,9.32629174105259e-09,8.36344065953328e-06
"ENSMUST00000027146.9|ENSMUSG00000025997.14|OTTMUSG00000047132|OTTMUST00000121952.1|Ikzf2-201|Ikzf2|9278|protein_coding|",54.3824640593511,3.37540453019122,0.58921751856901,5.7286221536468,1.01249632016839e-08,8.78006407570636e-06
"ENSMUST00000117123.2|ENSMUSG00000017868.17|OTTMUSG00000001152|OTTMUST00000078245.1|Sgk2-202|Sgk2|3034|protein_coding|",476.892524979097,-1.83871487953503,0.320815295579581,-5.73138159205666,9.9615877336321e-09,8.78006407570636e-06
"ENSMUST00000152460.2|ENSMUSG00000024170.16|OTTMUSG00000030783|OTTMUST00000061376.1|Telo2-208|Telo2|841|protein_coding_CDS_not_defined|",19.2358510502964,7.76292824119808,1.35526190581305,5.72799117860612,1.01626849727277e-08,8.78006407570636e-06
"ENSMUST00000039812.16|ENSMUSG00000040123.18|OTTMUSG00000037133|-|Zmym5-201|Zmym5|5290|protein_coding|",23.865088002974,8.07783113708558,1.41431652383981,5.71147335191603,1.12002237343416e-08,9.46085810567525e-06
"ENSMUST00000228002.2|ENSMUSG00000009035.16|OTTMUSG00000069852|OTTMUST00000169042.1|Tmem184b-204|Tmem184b|3315|protein_coding|",37.3421883169427,-8.6075024025107,1.50712494378109,-5.71120691620702,1.12177754061984e-08,9.46085810567525e-06
"ENSMUST00000041892.13|ENSMUSG00000037890.14|OTTMUSG00000055141|OTTMUST00000136544.1|Wdr19-201|Wdr19|4401|protein_coding|",24.5432328424923,-8.00255241018841,1.40467396188949,-5.69708888134,1.21870401683421e-08,1.01573961610121e-05
"ENSMUST00000050487.16|ENSMUSG00000024610.17|OTTMUSG00000073579|OTTMUST00000178584.1|Cd74-201|Cd74|1224|protein_coding|",3766.81298180836,3.84159760209337,0.675214853595068,5.68944474731181,1.27453120100453e-08,1.04991730702285e-05
"ENSMUST00000220032.2|ENSMUSG00000035529.11|OTTMUSG00000063700|OTTMUST00000155084.1|Prdm4-207|Prdm4|3962|protein_coding|",20.1129523789412,-7.7153830495664,1.37078949944654,-5.6284229290358,1.81864729060164e-08,1.48092239833773e-05
"ENSMUST00000117956.2|ENSMUSG00000035011.16|OTTMUSG00000030304|OTTMUST00000075054.1|Zbtb7a-202|Zbtb7a|1863|protein_coding|",33.5532015520904,-8.4536129058093,1.50274228797633,-5.62545752085901,1.85016933636327e-08,1.48947041437863e-05
"ENSMUST00000239519.1|ENSMUSG00000073791.14|OTTMUSG00000008023|-|Efcab7-205|Efcab7|1969|nonsense_mediated_decay|",20.6287785656725,-7.75239202036987,1.38078941417731,-5.61446368343489,1.97172833176655e-08,1.55647160895425e-05
"ENSMUST00000159605.8|ENSMUSG00000033632.18|OTTMUSG00000034295|OTTMUST00000087206.1|AW554918-204|AW554918|1582|nonsense_mediated_decay|",24.5010008638411,8.11376399787012,1.44528032969672,5.61397248073854,1.97733675125462e-08,1.55647160895425e-05
"ENSMUST00000193022.2|ENSMUSG00000104402.2|OTTMUSG00000047489|OTTMUST00000122556.1|Gm38012-201|Gm38012|3029|TEC|",93.9577916018243,1.75298491192831,0.31342993392372,5.59290840534373,2.23297105053779e-08,1.73838023191538e-05
"ENSMUST00000143630.8|ENSMUSG00000047767.18|OTTMUSG00000031256|OTTMUST00000077426.1|Atg16l2-211|Atg16l2|2501|nonsense_mediated_decay|",31.865562979562,-8.37883232023661,1.50092430942736,-5.58244827377959,2.3715615573008e-08,1.82620551049368e-05
"ENSMUST00000172694.8|ENSMUSG00000027684.17|OTTMUSG00000038143|OTTMUST00000098284.1|Mecom-206|Mecom|4381|protein_coding|",25.4105075664254,8.16920364089672,1.47204183085173,5.54957302821347,2.86368113320538e-08,2.18144759355701e-05
"ENSMUST00000120201.8|ENSMUSG00000031310.17|OTTMUSG00000018207|OTTMUST00000043961.1|Zmym3-207|Zmym3|1859|protein_coding|",23.8709177458,-7.96295761029713,1.43758508301963,-5.53912092185251,3.03993697648846e-08,2.29107760811009e-05
"ENSMUST00000160017.3|ENSMUSG00000066477.15|OTTMUSG00000034723|OTTMUST00000088214.1|Gm16551-201|Gm16551|2731|lncRNA|",29.5814679250157,-8.27179691999261,1.50685578386065,-5.48944166295713,4.03206256973501e-08,3.00681516516113e-05
"ENSMUST00000186164.7|ENSMUSG00000034088.16|OTTMUSG00000048654|OTTMUST00000124602.1|Hdlbp-204|Hdlbp|3808|protein_coding|",140.053411615934,-1.63958749881302,0.299837433975771,-5.46825483753811,4.54488134721232e-08,3.35393306418656e-05
"ENSMUST00000237243.2|ENSMUSG00000024485.17|OTTMUSG00000073390|OTTMUST00000178072.1|Slc4a9-210|Slc4a9|4516|retained_intron|",768.916482520797,-4.74560639373974,0.871237042555304,-5.44697500443859,5.12336596323607e-08,3.70818739541401e-05
"ENSMUST00000129953.4|ENSMUSG00000087579.10|OTTMUSG00000028599|OTTMUST00000070867.1|Hectd2os-202|Hectd2os|2375|lncRNA|",100.326337363783,10.1485818886378,1.86323343806691,5.44675813631109,5.12961386639056e-08,3.70818739541401e-05
"ENSMUST00000096109.11|ENSMUSG00000023791.19|OTTMUSG00000025806|OTTMUST00000063553.1|Pigx-201|Pigx|993|protein_coding|",138.372033391078,-1.91274546857085,0.351478458531781,-5.44199913861262,5.26859304441151e-08,3.73248205638289e-05
"ENSMUST00000097563.9|ENSMUSG00000024610.17|OTTMUSG00000073579|OTTMUST00000178583.1|Cd74-202|Cd74|1410|protein_coding|",1666.64747887266,3.62587290228414,0.666224336459755,5.44242037382128,5.25614576377039e-08,3.73248205638289e-05
"ENSMUST00000040259.8|ENSMUSG00000038600.13|OTTMUSG00000022440|OTTMUST00000053645.1|Atp6v0a4-201|Atp6v0a4|3285|protein_coding|",39.6673195633503,8.81009654743693,1.62368828513385,5.42597777424421,5.76381314693773e-08,4.04288691665006e-05
"ENSMUST00000107482.10|ENSMUSG00000041237.13|OTTMUSG00000017504|OTTMUST00000042490.1|Pklr-202|Pklr|2902|protein_coding|",1937.18778984611,1.58433934733711,0.295470271534888,5.36209392270462,8.22627452940238e-08,5.65877846426846e-05
"ENSMUST00000295439.1|ENSMUSG00000109084.3|OTTMUSG00000059104|-|Gm44955-219|Gm44955|3666|lncRNA|",61.7247503713197,-9.33259124809474,1.74048239479006,-5.36207161648449,8.22729069250255e-08,5.65877846426846e-05
"ENSMUST00000350220.1|ENSMUSG00000138891.1|-|-|ENSMUST00000350220|ENSMUSG00000138891|1970|lncRNA|",159.806225659182,-1.71225837034818,0.320490308267048,-5.34262137163112,9.16119905168783e-08,6.24053832324781e-05
"ENSMUST00000109150.9|ENSMUSG00000003352.15|OTTMUSG00000070930|OTTMUST00000171470.1|Cacnb3-202|Cacnb3|2513|protein_coding|",16.3074463295204,7.52819135455769,1.40985432447125,5.33969448040745,9.31033466759584e-08,6.2817271351539e-05
"ENSMUST00000199134.2|ENSMUSG00000044365.17|OTTMUSG00000042554|OTTMUST00000135875.1|Cxxc4-204|Cxxc4|6328|retained_intron|",54.2845234681075,8.2961038998203,1.55985410238032,5.31851272959474,1.0461890179456e-07,6.99209573465451e-05
"ENSMUST00000228916.2|ENSMUSG00000039007.11|OTTMUSG00000070215|OTTMUST00000169934.1|Cpq-207|Cpq|1842|protein_coding|",26.5924397845774,-8.11874340515211,1.53071780863755,-5.30387989173418,1.1336691826142e-07,7.50594949281498e-05
"ENSMUST00000225630.3|ENSMUSG00000021733.12|OTTMUSG00000068990|OTTMUST00000166877.1|Slc4a7-223|Slc4a7|3663|protein_coding|",22.361053159638,-7.8673941850893,1.48641495049794,-5.29286534857159,1.20414583202694e-07,7.82628507560705e-05
"ENSMUST00000016427.11|ENSMUSG00000016283.14|OTTMUSG00000037432|OTTMUST00000096583.1|H2-M2-201|H2-M2|1550|protein_coding|",134.563727536411,3.819152383733,0.721393567573362,5.29413146360584,1.19583386240183e-07,7.82628507560705e-05
"ENSMUST00000145259.8|ENSMUSG00000008690.16|OTTMUSG00000024517|OTTMUST00000060167.1|Ncaph2-209|Ncaph2|3255|nonsense_mediated_decay|",370.318055517543,-0.899516516202983,0.170257231396252,-5.28327935809947,1.26891668057866e-07,8.17228484717406e-05
"ENSMUST00000003659.9|ENSMUSG00000031849.10|OTTMUSG00000062218|OTTMUST00000151798.1|Comp-201|Comp|2416|protein_coding|",204.078603363729,-4.76368757432984,0.903165592451713,-5.27443429437833,1.33166217108931e-07,8.49912386023883e-05
"ENSMUST00000237866.2|ENSMUSG00000073421.7|OTTMUSG00000037120|OTTMUST00000177987.1|H2-Ab1-208|H2-Ab1|889|protein_coding|",87.3373502563572,9.94648127837278,1.88838048984484,5.26720188641117,1.38518846613672e-07,8.76181175848124e-05
"ENSMUST00000236322.2|ENSMUSG00000037649.11|OTTMUSG00000037115|-|H2-DMa-205|H2-DMa|1108|protein_coding|",151.502934011636,2.91812729339135,0.554582890492644,5.26184154509191,1.42619656113548e-07,8.94136895372409e-05
"ENSMUST00000155986.2|ENSMUSG00000031633.5|OTTMUSG00000016487|OTTMUST00000039784.1|Slc25a4-202|Slc25a4|1275|retained_intron|",128.385044624682,-1.95962072767889,0.373976767981594,-5.23995310793032,1.60617405739827e-07,9.981385519502e-05
"ENSMUST00000040368.3|ENSMUSG00000036368.9|OTTMUSG00000068730|OTTMUST00000166121.1|Rmdn2-201|Rmdn2|1802|protein_coding|",44.5024143804304,8.97547673638471,1.71513345479441,5.23310691147389,1.66684263285983e-07,0.000102683303897671
"ENSMUST00000045029.15|ENSMUSG00000039047.18|OTTMUSG00000031801|OTTMUST00000078820.1|Pigk-201|Pigk|1761|protein_coding|",21.8995504651096,-7.83912363322459,1.50405420004542,-5.21199544071474,1.86820141846701e-07,0.00011409557007748
"ENSMUST00000218072.2|ENSMUSG00000020640.11|OTTMUSG00000065220|OTTMUST00000159030.1|Itsn2-205|Itsn2|2640|protein_coding_CDS_not_defined|",841.426379209555,0.672156690397057,0.129545093039899,5.18859244008601,2.11889571348657e-07,0.0001283000409626
"ENSMUST00000043938.8|ENSMUSG00000038910.8|OTTMUSG00000072532|OTTMUST00000175509.1|Plcl2-201|Plcl2|4185|protein_coding|",1025.41644121192,1.26791047883203,0.244461424003171,5.18654623731382,2.14229853905749e-07,0.000128617794661855
"ENSMUST00000018887.15|ENSMUSG00000020900.16|OTTMUSG00000005955|OTTMUST00000013277.1|Myh10-201|Myh10|7667|protein_coding|",25.7410611736071,-8.07079440791226,1.55996441812698,-5.17370416538264,2.29498093335779e-07,0.00013662657919563
"ENSMUST00000139148.2|ENSMUSG00000004105.9|OTTMUSG00000012579|OTTMUST00000029973.1|Angptl2-202|Angptl2|2306|retained_intron|",82.0712465886601,-2.95680903152959,0.572056354627838,-5.1687373238834,2.35680872014204e-07,0.000139138130808119
"ENSMUST00000183682.3|ENSMUSG00000029664.11|OTTMUSG00000042627|OTTMUST00000112290.1|Tfpi2-202|Tfpi2|412|protein_coding|",159.9018613682,1.33718494336867,0.260334172857309,5.13641727742594,2.80025525883137e-07,0.00016395147401376
"ENSMUST00000223562.2|ENSMUSG00000046169.11|OTTMUSG00000067804|OTTMUST00000164010.1|Adamts6-202|Adamts6|3840|nonsense_mediated_decay|",19.5712208140044,7.79135801310782,1.51909200484059,5.12895729046078,2.91351427294185e-07,0.000169184430452699
"ENSMUST00000131895.2|ENSMUSG00000020715.10|OTTMUSG00000003414|OTTMUST00000007184.1|Ern1-205|Ern1|3354|protein_coding_CDS_not_defined|",119.790081800216,1.36537402202669,0.266501354334463,5.12332864287485,3.00188457876043e-07,0.000172898789510329
"ENSMUST00000176693.8|ENSMUSG00000029772.18|OTTMUSG00000013488|OTTMUST00000104327.1|Ahcyl2-220|Ahcyl2|562|protein_coding_CDS_not_defined|",15.0057471299384,7.40147852053641,1.4465136216193,5.11677070296154,3.10811087310733e-07,0.000177075574216948
"ENSMUST00000191465.2|ENSMUSG00000039313.15|OTTMUSG00000045620|OTTMUST00000119507.1|Minar1-202|Minar1|2871|nonsense_mediated_decay|",265.587510494522,-6.2631466668104,1.22427877866654,-5.11578471827479,3.12439257765209e-07,0.000177075574216948
"ENSMUST00000086401.10|ENSMUSG00000055541.20|OTTMUSG00000027896|OTTMUST00000069096.1|Lair1-202|Lair1|2496|protein_coding|",71.8368568955804,1.66076485238084,0.326875502731678,5.08072595988971,3.75995196428068e-07,0.000211404791236111
"ENSMUST00000323125.1|ENSMUSG00000120233.2|-|-|Gm32006-234|Gm32006|2978|lncRNA|",433.034669794657,-4.51227121351271,0.888435297291619,-5.07889682824208,3.7963278909744e-07,0.000211769333156055
"ENSMUST00000150682.3|ENSMUSG00000029176.14|OTTMUSG00000023353|OTTMUST00000135370.1|Anapc4-209|Anapc4|453|protein_coding|",19.0535171365702,7.74645643017061,1.52753553278573,5.0712119383852,3.95290252069506e-07,0.000218780801700094
"ENSMUST00000145604.8|ENSMUSG00000074063.11|OTTMUSG00000027525|OTTMUST00000068137.1|Osgin1-205|Osgin1|2302|retained_intron|",279.676043622875,-2.35859181970929,0.465520067938472,-5.06657388617891,4.05039578078726e-07,0.000220727875918533
"ENSMUST00000230823.2|ENSMUSG00000015377.11|OTTMUSG00000070762|OTTMUST00000170991.1|Dennd6b-206|Dennd6b|2028|retained_intron|",21.1551372858853,-7.78892154052155,1.5369398951555,-5.06781141219156,4.02415802493414e-07,0.000220727875918533
"ENSMUST00000295437.1|ENSMUSG00000109084.3|OTTMUSG00000059104|-|Gm44955-217|Gm44955|1075|lncRNA|",31.7082391059623,-8.37312037172216,1.65338356348362,-5.0642334644239,4.10046887787394e-07,0.000221750852812291
"ENSMUST00000028234.12|ENSMUSG00000026875.15|OTTMUSG00000012272|OTTMUST00000029206.1|Traf1-201|Traf1|2069|protein_coding|",23.5284568032745,8.05748718673138,1.5925423410798,5.05951206375344,4.20330685745074e-07,0.00022559020531003
"ENSMUST00000212669.4|ENSMUSG00000089712.5|OTTMUSG00000027365|OTTMUST00000150402.1|Gm15889-202|Gm15889|2547|lncRNA|",623.533597449164,-2.95201604018162,0.587845731048491,-5.02175296045164,5.12020124281032e-07,0.000272733486350116
"ENSMUST00000309599.1|ENSMUSG00000079045.6|OTTMUSG00000040163|-|Prox1os-222|Prox1os|2122|lncRNA|",13.8164278586982,-7.17358421211956,1.42971584718859,-5.01748947262896,5.23510692175082e-07,0.000276773070719787
"ENSMUST00000152434.9|ENSMUSG00000025736.16|OTTMUSG00000029400|OTTMUST00000073410.1|Jmjd8-208|Jmjd8|1951|nonsense_mediated_decay|",23.5949745524246,8.06046432996465,1.60742701181521,5.01451342469493,5.31678406280982e-07,0.000279009074181999
"ENSMUST00000125758.8|ENSMUSG00000005611.16|OTTMUSG00000033851|OTTMUST00000085305.1|Irag1-202|Irag1|5953|protein_coding|",20.3386762070986,7.84637402917728,1.56803307810367,5.00395950745277,5.61645596489889e-07,0.000292567798806836
"ENSMUST00000203257.2|ENSMUSG00000029664.11|OTTMUSG00000042627|OTTMUST00000139367.1|Tfpi2-203|Tfpi2|636|protein_coding|",95.1327774074344,1.84844922616708,0.370408701418633,4.99029644575756,6.02866999420309e-07,0.00031000435469383
"ENSMUST00000253646.1|ENSMUSG00000110863.3|OTTMUSG00000062633|-|Gm34655-204|Gm34655|1128|lncRNA|",15.8494515622914,-7.37393035677429,1.4777489027,-4.98997518678671,6.03870489353348e-07,0.00031000435469383
"ENSMUST00000102917.11|ENSMUSG00000028339.18|OTTMUSG00000006798|OTTMUST00000015661.1|Col15a1-202|Col15a1|5172|protein_coding|",900.465625663598,2.46198042756984,0.493752712977335,4.9862620758559,6.1558629962994e-07,0.000313745293604197
"ENSMUST00000241361.2|ENSMUSG00000111923.4|OTTMUSG00000065382|-|Gm34777-203|Gm34777|1607|lncRNA|",15.7160971340041,-7.36010119069885,1.47871468251773,-4.9773639754271,6.4456047963744e-07,0.000326166018710249
"ENSMUST00000225232.3|ENSMUSG00000021733.12|OTTMUSG00000068990|OTTMUST00000166938.1|Slc4a7-218|Slc4a7|2964|protein_coding|",20.2431675312068,7.83737790324501,1.58425821264914,4.94703315448788,7.53531460008005e-07,0.000378604132998632
"ENSMUST00000102732.10|ENSMUSG00000000392.18|OTTMUSG00000012825|OTTMUST00000030765.1|Fap-202|Fap|2751|protein_coding|",12.7623892587017,7.17414778918972,1.45513173793487,4.93023937432037,8.21289191025687e-07,0.00040696783895247
"ENSMUST00000006792.6|ENSMUSG00000062524.5|OTTMUSG00000027904|OTTMUST00000069117.1|Ncr1-201|Ncr1|1463|protein_coding|",20.9969605497442,7.89183703632268,1.6011569104223,4.92883426037316,8.27217108141207e-07,0.00040696783895247
"ENSMUST00000249889.1|ENSMUSG00000034354.19|OTTMUSG00000005070|-|Mtmr3-211|Mtmr3|5839|protein_coding|",30.05450997586,8.41040896292257,1.70607228392287,4.92969087076666,8.235983420208e-07,0.00040696783895247
"ENSMUST00000127082.8|ENSMUSG00000039176.18|OTTMUSG00000029097|OTTMUST00000072162.1|Polg-203|Polg|4589|retained_intron|",1650.29174002186,-0.844862790858127,0.172002626404216,-4.91191796613996,9.01897882974326e-07,0.000440648645665056
"ENSMUST00000171425.4|ENSMUSG00000074361.12|OTTMUSG00000060708|OTTMUST00000148424.1|C5ar2-202|C5ar2|3381|protein_coding|",18.5945019431877,7.71624191698777,1.57486641313878,4.89961678820043,9.60237586312979e-07,0.00046593884633395
"ENSMUST00000202512.2|ENSMUSG00000107276.2|OTTMUSG00000056281|OTTMUST00000139097.1|Gm42858-201|Gm42858|1704|TEC|",373.795210080538,-1.55840752428767,0.318174925114893,-4.89795832818983,9.68375643999957e-07,0.00046669118451383
"ENSMUST00000114040.8|ENSMUSG00000052861.14|OTTMUSG00000022156|OTTMUST00000052613.1|Dnah6-203|Dnah6|12513|protein_coding|",14.8824857443222,-7.2794023247291,1.4952956178106,-4.86820280754085,1.12617724500026e-06,0.000535614611765058
"ENSMUST00000227412.3|ENSMUSG00000115681.4|OTTMUSG00000070557|OTTMUST00000170542.1|Gm2682-203|Gm2682|2090|lncRNA|",229.926534853971,1.23939626161572,0.254593171764145,4.86814415731424,1.12651144984746e-06,0.000535614611765058
"ENSMUST00000035029.3|ENSMUSG00000032454.10|OTTMUSG00000047580|-|Rbp2-201|Rbp2|672|protein_coding|",995.705715649068,-5.08946031763701,1.04776898802042,-4.85742599354144,1.18921562970068e-06,0.000561658613803435
"ENSMUST00000100841.9|ENSMUSG00000015766.15|OTTMUSG00000022767|OTTMUST00000054655.1|Eps8-202|Eps8|4151|protein_coding|",420.227790720301,-1.63623518846843,0.337041746732244,-4.8546959073539,1.20571620785741e-06,0.000565680523373844
"ENSMUST00000045054.11|ENSMUSG00000036667.15|OTTMUSG00000027060|OTTMUST00000066902.1|Tcaf1-201|Tcaf1|5257|protein_coding|",49.8585304672987,1.79004524978837,0.369152004046759,4.84907363407305,1.24039374246008e-06,0.000578121409808169
"ENSMUST00000218570.2|ENSMUSG00000034560.7|OTTMUSG00000064863|OTTMUST00000157957.1|Washc4-203|Washc4|636|retained_intron|",15.5011679593858,7.45144040289425,1.53773673559741,4.84571918612541,1.26153847845652e-06,0.000584133542273032
"ENSMUST00000242991.1|ENSMUSG00000097324.11|OTTMUSG00000044428|-|Carmn-206|Carmn|1725|lncRNA|",13.1537090560077,7.21546906826434,1.48956130823943,4.84402288670655,1.27236266674116e-06,0.000585319875081886
"ENSMUST00000107016.10|ENSMUSG00000027871.17|OTTMUSG00000006826|OTTMUST00000015760.1|Hsd3b1-202|Hsd3b1|1855|protein_coding|",152.132875052713,-3.17569814616369,0.65641218900516,-4.83796340067464,1.31176287898064e-06,0.000591906840943925
"ENSMUST00000085786.7|ENSMUSG00000036526.9|OTTMUSG00000054841|OTTMUST00000135887.1|Card11-201|Card11|4107|protein_coding|",260.961987116165,1.89788073424629,0.392085093533978,4.84048173609491,1.29524760362333e-06,0.000591906840943925
"ENSMUST00000220950.2|ENSMUSG00000113161.2|OTTMUSG00000066157|OTTMUST00000160808.1|Gm47457-201|Gm47457|4475|TEC|",279.253905934595,1.11276495853587,0.229966418804421,4.83881500751743,1.30615549371364e-06,0.000591906840943925
"ENSMUST00000246742.2|ENSMUSG00000089875.5|OTTMUSG00000029141|-|Etohd2-205|Etohd2|1597|lncRNA|",15.2431599713586,-7.31525542289641,1.51244655269872,-4.83670342587875,1.32010164402264e-06,0.000591906840943925
"ENSMUST00000281133.1|ENSMUSG00000144212.1|-|-|ENSMUST00000281133|ENSMUSG00000144212|1731|lncRNA|",14.3607014844558,7.34149409616105,1.5187334231367,4.83395833944207,1.33844608203805e-06,0.00059635769959688
"ENSMUST00000034989.15|ENSMUSG00000032418.16|OTTMUSG00000045046|OTTMUST00000118380.1|Me1-201|Me1|3288|protein_coding|",920.828578909419,3.61659014641185,0.749957546701301,4.82239316387904,1.41846007048666e-06,0.000624157672258116
"ENSMUST00000133783.8|ENSMUSG00000021134.18|OTTMUSG00000021161|OTTMUST00000050134.1|Srsf5-207|Srsf5|2919|retained_intron|",477.303915213055,-0.728518369924271,0.151053085692228,-4.82292941309807,1.41465043978721e-06,0.000624157672258116
"ENSMUST00000311761.1|ENSMUSG00000132361.1|-|-|ENSMUST00000311761|ENSMUSG00000132361|816|lncRNA|",32.0187953528506,-5.9416664676316,1.23353565692809,-4.81677723238928,1.45895412423098e-06,0.000638013246771723
"ENSMUST00000314258.1|ENSMUSG00000132839.1|-|-|ENSMUST00000314258|ENSMUSG00000132839|1721|lncRNA|",174.685116689808,-2.62626121217469,0.545414578195414,-4.81516504539368,1.47078277054378e-06,0.000639240089548487
"ENSMUST00000206508.2|ENSMUSG00000040940.19|OTTMUSG00000029276|OTTMUST00000143031.1|Arhgef1-218|Arhgef1|3195|protein_coding|",36.1445676623716,-8.56086795096135,1.77963790403623,-4.81045494229206,1.50587148213444e-06,0.000648753229231178
"ENSMUST00000150965.8|ENSMUSG00000008855.18|OTTMUSG00000002621|OTTMUST00000061607.1|Hdac5-218|Hdac5|1008|retained_intron|",14.2579418593002,-7.22163122013139,1.5014481654635,-4.80977724455914,1.51098586786664e-06,0.000648753229231178
"ENSMUST00000026886.8|ENSMUSG00000025780.8|OTTMUSG00000011192|OTTMUST00000026269.1|Itih5-201|Itih5|7900|protein_coding|",2012.46182054288,-1.76497206302731,0.367158083072584,-4.8071175452738,1.53121969099552e-06,0.000653480287884857
"ENSMUST00000000342.3|ENSMUSG00000020676.3|OTTMUSG00000000860|OTTMUST00000001670.1|Ccl11-201|Ccl11|1082|protein_coding|",46.7971873072575,6.15734484345844,1.28294138640083,4.7993968459715,1.5914417746306e-06,0.00067511437773611
"ENSMUST00000206857.2|ENSMUSG00000030406.8|OTTMUSG00000058589|OTTMUST00000143875.1|Gipr-203|Gipr|3182|retained_intron|",25.2340829611916,-8.04207471481398,1.67625753662762,-4.79763672293067,1.60548617967998e-06,0.00067554793110491
"ENSMUST00000112327.8|ENSMUSG00000031353.14|OTTMUSG00000017256|OTTMUST00000041758.1|Rbbp7-203|Rbbp7|1862|protein_coding|",6434.85853746313,-1.61178976609469,0.336007716957243,-4.79688318081036,1.61153520914587e-06,0.00067554793110491
"ENSMUST00000084434.11|ENSMUSG00000025508.14|OTTMUSG00000024569|OTTMUST00000060337.1|Rplp2-201|Rplp2|964|protein_coding|",3517.74836734466,-0.627347915164607,0.130924367610209,-4.79168184361493,1.65389024523197e-06,0.000689224709018902
"ENSMUST00000111665.8|ENSMUSG00000050043.17|OTTMUSG00000013511|OTTMUST00000032636.1|Tmx2-203|Tmx2|2282|protein_coding|",71.4590803108938,-3.17137454569311,0.662917639625415,-4.78396463772651,1.71870934318666e-06,0.000712048214670853
"ENSMUST00000131718.8|ENSMUSG00000020070.19|OTTMUSG00000030840|OTTMUST00000076313.1|Rufy2-204|Rufy2|2816|protein_coding|",14.2215924195873,7.32886677635022,1.53429040533897,4.77671420667657,1.78182731187892e-06,0.000733905663271804
"ENSMUST00000206256.2|ENSMUSG00000035401.10|OTTMUSG00000058884|OTTMUST00000144536.1|Emsy-208|Emsy|600|protein_coding|",13.465110606334,-7.14080815357928,1.50008470295531,-4.76026996309688,1.9333417955632e-06,0.00079170905297618
"ENSMUST00000009329.3|ENSMUSG00000009185.3|OTTMUSG00000000929|OTTMUST00000001813.1|Ccl8-201|Ccl8|511|protein_coding|",44.2985427502917,3.39475866210018,0.713378872049623,4.75870367781798,1.94840222554166e-06,0.000793290846357894
"ENSMUST00000140645.4|ENSMUSG00000084983.10|OTTMUSG00000004272|OTTMUST00000009685.1|Gm11789-203|Gm11789|1237|lncRNA|",13.0445915556635,-7.09251898898608,1.49213070259693,-4.75328265589746,2.00140236368436e-06,0.00081021342315917
"ENSMUST00000235848.2|ENSMUSG00000024485.17|OTTMUSG00000073390|OTTMUST00000178080.1|Slc4a9-205|Slc4a9|1550|retained_intron|",342.876097625675,-4.46105772904625,0.939011706969962,-4.75080097077955,2.02612481666202e-06,0.00081556128699775
"ENSMUST00000107752.12|ENSMUSG00000030825.20|OTTMUSG00000021062|OTTMUST00000049820.1|Hsd17b14-201|Hsd17b14|1400|protein_coding|",18.190677304778,-7.57078039141552,1.5939734212141,-4.74962774827763,2.03791428299607e-06,0.000815672313359174
"ENSMUST00000137458.2|ENSMUSG00000052142.16|OTTMUSG00000034066|OTTMUST00000086049.1|Rasal3-207|Rasal3|3272|protein_coding|",18.3205214204202,7.69331426544899,1.62027964292093,4.74813980355887,2.05296112926845e-06,0.000817078529448844
"ENSMUST00000077719.4|ENSMUSG00000066153.3|OTTMUSG00000000231|OTTMUST00000000674.1|Mup21-201|Mup21|677|protein_coding|",567.413557887337,6.60473989903499,1.39230187789842,4.74375564946043,2.0979188824653e-06,0.00083030706876744
"ENSMUST00000028355.11|ENSMUSG00000026976.16|OTTMUSG00000011957|OTTMUST00000028458.1|Pax8-201|Pax8|2560|protein_coding|",42.2930138888205,-3.1942262851496,0.674471632631417,-4.73589418829594,2.18091358980529e-06,0.000858359124200923
"ENSMUST00000135930.8|ENSMUSG00000037685.16|OTTMUSG00000022523|OTTMUST00000053982.1|Atp8a1-207|Atp8a1|8069|protein_coding|",449.106118747083,1.96255955935489,0.41553564657766,4.72296318142253,2.32432941625685e-06,0.000904751610798352
"ENSMUST00000219829.2|ENSMUSG00000112129.2|OTTMUSG00000030876|OTTMUST00000158655.1|Pbld1-207|Pbld1|748|protein_coding|",352.874648531178,-1.20288898336482,0.254639509843083,-4.72388980055009,2.31375826832947e-06,0.000904751610798352
"ENSMUST00000088614.13|ENSMUSG00000022629.19|OTTMUSG00000070809|OTTMUST00000171182.1|Kif21a-202|Kif21a|6333|protein_coding|",1242.04116979834,-0.722344231615537,0.153215207966866,-4.71457266677961,2.42218552145828e-06,0.000937690224492845
"ENSMUST00000189575.2|ENSMUSG00000019899.18|OTTMUSG00000045038|OTTMUST00000118409.1|Lama2-207|Lama2|4244|protein_coding|",17.9704457745034,7.66607005364997,1.62674107455088,4.71253242054301,2.44657140933303e-06,0.000941983178928201
"ENSMUST00000044491.13|ENSMUSG00000039313.15|OTTMUSG00000045620|OTTMUST00000119506.1|Minar1-201|Minar1|7202|protein_coding|",367.913639790362,-6.14052832294254,1.30408589082769,-4.70868396486157,2.49321285114747e-06,0.000949619200143502
"ENSMUST00000074072.5|ENSMUSG00000069117.5|OTTMUSG00000067708|OTTMUST00000163834.1|Rps18-ps6-201|Rps18-ps6|561|protein_coding|",14924.8494776368,-0.488006263877122,0.103623346605269,-4.70942388819075,2.48417956207452e-06,0.000949619200143502
"ENSMUST00000236935.2|ENSMUSG00000118376.3|OTTMUSG00000074309|OTTMUST00000180330.1|Gm9926-204|Gm9926|4900|lncRNA|",171.252393067656,1.14191262751847,0.24286908507778,4.70176196839862,2.57926074605501e-06,0.000977139830446639
"ENSMUST00000109771.2|ENSMUSG00000027478.16|OTTMUSG00000016775|OTTMUST00000040855.1|Dnmt3b-207|Dnmt3b|3630|protein_coding|",361.287396632508,1.14085117328793,0.243760391939736,4.68021553546721,2.86573481622737e-06,0.00107989424106815
"ENSMUST00000034187.9|ENSMUSG00000031740.9|OTTMUSG00000061536|OTTMUST00000150112.1|Mmp2-201|Mmp2|3078|protein_coding|",189.712550856085,2.24889037884635,0.481164440756575,4.67384991149852,2.95605393467873e-06,0.00110803537009725
"ENSMUST00000030677.7|ENSMUSG00000028862.7|OTTMUSG00000010479|OTTMUST00000024413.1|Map3k6-201|Map3k6|4334|protein_coding|",449.00941664453,-3.51016964702018,0.752868856178165,-4.66239188700017,3.12555291063177e-06,0.00116540352842525
"ENSMUST00000173408.8|ENSMUSG00000003452.16|OTTMUSG00000026191|OTTMUST00000097737.1|Bicd1-207|Bicd1|2818|nonsense_mediated_decay|",20.4894973013539,7.85792659536883,1.68676520720195,4.65857759089291,3.18401794696136e-06,0.00118098726405514
"ENSMUST00000100330.10|ENSMUSG00000053580.17|OTTMUSG00000002986|OTTMUST00000006113.1|Tanc2-202|Tanc2|11855|protein_coding|",855.387310565344,1.461666697091,0.314493703625217,4.6476819098193,3.35686024346093e-06,0.00123861149524868
"ENSMUST00000023147.8|ENSMUSG00000022504.11|OTTMUSG00000071197|OTTMUST00000172274.1|Ciita-201|Ciita|6007|protein_coding|",134.470207817967,3.91436675717439,0.843700161933701,4.63952353428846,3.49213367972765e-06,0.00128184828189961
"ENSMUST00000038154.12|ENSMUSG00000037161.15|OTTMUSG00000022051|OTTMUST00000052353.1|Mgarp-201|Mgarp|1232|protein_coding|",238.244014690338,-4.30550909629572,0.928422114596942,-4.6374478037556,3.52737648466978e-06,0.00128811061690694
"ENSMUST00000108357.8|ENSMUSG00000040466.17|OTTMUSG00000023260|OTTMUST00000056318.1|Blvrb-202|Blvrb|782|protein_coding|",240.238931047893,1.91414224233971,0.413998130904175,4.62355286039385,3.77222555121559e-06,0.00136393016790528
"ENSMUST00000020911.14|ENSMUSG00000020592.16|OTTMUSG00000033390|OTTMUST00000083825.1|Sdc1-201|Sdc1|3157|protein_coding|",2171.35347040137,0.845000036021399,0.182762678263822,4.62348245302918,3.77350676005638e-06,0.00136393016790528
"ENSMUST00000184581.3|ENSMUSG00000079293.13|OTTMUSG00000042656|OTTMUST00000112325.1|Clec7a-201|Clec7a|707|protein_coding|",103.429217868927,2.9464212946102,0.637602997335298,4.62109072090946,3.81727792443764e-06,0.00137274739735462
"ENSMUST00000028167.3|ENSMUSG00000026827.13|OTTMUSG00000012561|-|Gpd2-201|Gpd2|5620|protein_coding|",745.599631003433,2.24284719775343,0.485522191062086,4.61945352661877,3.84752042405828e-06,0.00137663503495952
"ENSMUST00000196114.2|ENSMUSG00000106037.2|OTTMUSG00000054605|OTTMUST00000135358.1|Gm4332-201|Gm4332|346|processed_pseudogene|",2293.11062300605,-0.653733260318576,0.141760372068211,-4.61153741896231,3.99701686911555e-06,0.00142293800540514
"ENSMUST00000231508.2|ENSMUSG00000022763.19|OTTMUSG00000025661|OTTMUST00000063169.1|Aifm3-203|Aifm3|3510|retained_intron|",96.1765513593482,-2.16194117467775,0.469810549922335,-4.60172972921775,4.18996676559497e-06,0.00148417002770905
"ENSMUST00000121736.6|ENSMUSG00000039753.17|OTTMUSG00000053749|OTTMUST00000071993.1|Fbxl5-205|Fbxl5|2144|protein_coding|",11.4911425401089,-6.90835814265617,1.50288342605073,-4.59673586314671,4.29161105537234e-06,0.0015126114109791
"ENSMUST00000090806.5|ENSMUSG00000062115.16|OTTMUSG00000005811|OTTMUST00000012877.1|Rai1-202|Rai1|7217|protein_coding|",318.770649544849,1.0668764206518,0.232460118037972,4.58950304962647,4.44302507638401e-06,0.00155822608173935
"ENSMUST00000163493.6|ENSMUSG00000091475.8|OTTMUSG00000038221|OTTMUST00000098396.1|Cerox1-201|Cerox1|1400|lncRNA|",12.8469401072982,-7.0703501235568,1.5423842464582,-4.58403937915765,4.56078286237409e-06,0.0015916458182366
"ENSMUST00000039327.11|ENSMUSG00000035735.11|OTTMUSG00000021192|OTTMUST00000050204.1|Dagla-201|Dagla|5634|protein_coding|",58.2010848592283,1.69626565702713,0.370641317725306,4.57656924877514,4.72663295230097e-06,0.00164143914153338
"ENSMUST00000296560.1|ENSMUSG00000097039.11|OTTMUSG00000043115|-|Pvt1-587|Pvt1|1192|lncRNA|",11.4019828695994,7.00999013555956,1.53232642006325,4.57473684704217,4.76818925153288e-06,0.00164737206819049
"ENSMUST00000237174.2|ENSMUSG00000024485.17|OTTMUSG00000073390|OTTMUST00000178073.1|Slc4a9-209|Slc4a9|3008|protein_coding|",30.3406469072564,-8.30812708278556,1.8164718597017,-4.57377142310915,4.79022423984023e-06,0.00164737206819049
"ENSMUST00000030087.14|ENSMUSG00000028391.17|OTTMUSG00000000235|OTTMUST00000000685.1|Wdr31-201|Wdr31|1440|protein_coding|",10.5871217560215,-6.79029356327267,1.48738576536324,-4.56525383084757,4.98890318465142e-06,0.00170740993822921
"ENSMUST00000140675.8|ENSMUSG00000034563.17|OTTMUSG00000033538|OTTMUST00000084423.1|Ccpg1-206|Ccpg1|2839|protein_coding|",271.080748724188,-1.69684942028503,0.371956583029127,-4.56195560908288,5.06793635450288e-06,0.00172611963028078
"ENSMUST00000170335.5|ENSMUSG00000121779.1|-|OTTMUST00000120317.1|ENSMUST00000170335|ENSMUSG00000121779|981|lncRNA|",41997.9603348403,-0.52533793158718,0.115196802854292,-4.56035166402717,5.10680260720763e-06,0.00173103504260774
"ENSMUST00000170035.8|ENSMUSG00000022636.14|OTTMUSG00000036124|OTTMUST00000092848.1|Alcam-207|Alcam|1917|protein_coding|",389.638617813163,1.16987943362047,0.256827737916325,4.55511325650352,5.23573610723062e-06,0.0017662880418126
"ENSMUST00000220555.2|ENSMUSG00000057531.16|OTTMUSG00000067562|OTTMUST00000163528.1|Dtnbp1-202|Dtnbp1|1589|protein_coding|",13.101476742709,7.21212578664083,1.58494254439869,4.55040203957491,5.35435106459167e-06,0.0017977424019902
"ENSMUST00000162040.2|ENSMUSG00000033400.15|OTTMUSG00000034170|OTTMUST00000086639.1|Agl-207|Agl|1572|retained_intron|",100.912991888758,-2.62168522395943,0.577080258605342,-4.54301665126336,5.5454869226263e-06,0.00185313431861574
"ENSMUST00000161336.8|ENSMUSG00000033400.15|OTTMUSG00000034170|OTTMUST00000086640.1|Agl-206|Agl|5365|nonsense_mediated_decay|",294.488395991815,-1.14758939741325,0.252762719706903,-4.54018456022296,5.62050079456511e-06,0.00186938384173789
"ENSMUST00000181029.5|ENSMUSG00000066170.10|OTTMUSG00000042665|OTTMUST00000112361.1|E230001N04Rik-202|E230001N04Rik|2712|lncRNA|",40.9893295829344,-2.62109930361585,0.579008381510054,-4.52687627211893,5.9861964636232e-06,0.00198171075826599
"ENSMUST00000182029.8|ENSMUSG00000069601.15|OTTMUSG00000043361|OTTMUST00000113846.1|Ank3-208|Ank3|3825|protein_coding|",194.582381516058,-1.81217298102114,0.400837840420639,-4.52096283903596,6.15589949774517e-06,0.00202841183264307
"ENSMUST00000033053.8|ENSMUSG00000030789.10|OTTMUSG00000058667|OTTMUST00000144113.1|Itgax-201|Itgax|4046|protein_coding|",262.082250361735,1.61960871360391,0.359105443244657,4.51012020026795,6.47909033358393e-06,0.0021250216462612
"ENSMUST00000103299.3|ENSMUSG00000076498.3|OTTMUSG00000051369|OTTMUST00000129901.1|Trbc2-201|Trbc2|692|TR_C_gene|",52.3957431901634,3.29677994914114,0.731596389347581,4.50628242176143,6.59732664004771e-06,0.00215382953220065
"ENSMUST00000112326.8|ENSMUSG00000031353.14|OTTMUSG00000017256|OTTMUST00000041757.1|Rbbp7-202|Rbbp7|1430|protein_coding|",3178.7391035905,-1.52158844340638,0.337937972427727,-4.50256723882012,6.71375040655501e-06,0.0021817841000091
"ENSMUST00000000696.7|ENSMUSG00000000682.8|OTTMUSG00000010233|OTTMUST00000023776.1|Cd52-201|Cd52|514|protein_coding|",159.274173943411,2.20068669579708,0.488907058675369,4.50123731442854,6.75590234460677e-06,0.00218545728630741
"ENSMUST00000144272.8|ENSMUSG00000029775.15|OTTMUSG00000014355|OTTMUST00000033958.1|Klhdc10-206|Klhdc10|1387|protein_coding|",10.5648435602247,6.90174459609832,1.5363279134824,4.49236425084156,7.04368160914637e-06,0.00226819354508348
"ENSMUST00000029465.10|ENSMUSG00000027871.17|OTTMUSG00000006826|OTTMUST00000015761.1|Hsd3b1-201|Hsd3b1|1663|protein_coding|",435.704047707681,-2.44494487812494,0.544362403792454,-4.4913918762419,7.07592204813394e-06,0.00226826525600905
"ENSMUST00000030528.9|ENSMUSG00000041202.13|OTTMUSG00000010029|OTTMUST00000023333.1|Pla2g2d-201|Pla2g2d|2167|protein_coding|",63.3380984816969,4.66314734061618,1.03870498446482,4.4893857354683,7.14288499726379e-06,0.00227941686822593
"ENSMUST00000237061.2|ENSMUSG00000037236.17|OTTMUSG00000045440|OTTMUST00000119219.1|Matr3-214|Matr3|1854|protein_coding|",105.706906607653,1.69261279461637,0.37735394705198,4.48547791228804,7.27506830876315e-06,0.00231118806845747
"ENSMUST00000210967.2|ENSMUSG00000074129.15|OTTMUSG00000016498|OTTMUST00000039839.1|Rpl13a-216|Rpl13a|658|nonsense_mediated_decay|",1139.19594349033,-1.06419751250901,0.238151915565995,-4.46856583109914,7.87457788860229e-06,0.00249047587473277
"ENSMUST00000063690.4|ENSMUSG00000027068.7|OTTMUSG00000012989|OTTMUST00000031297.1|Dhrs9-201|Dhrs9|4281|protein_coding|",1168.87932430534,-3.87662534325397,0.867966013037151,-4.46633311100401,7.95716811678478e-06,0.00250541163584667
"ENSMUST00000230284.2|ENSMUSG00000115988.2|OTTMUSG00000070595|OTTMUST00000170603.1|Gm49441-201|Gm49441|1108|lncRNA|",61.9465935572588,-2.76553692181454,0.619965097990891,-4.46079453630013,8.16563487225902e-06,0.00255967361455893
"ENSMUST00000192314.2|ENSMUSG00000041570.15|OTTMUSG00000049850|OTTMUST00000126952.1|Camsap2-203|Camsap2|4916|protein_coding|",367.315277611128,1.22598302046745,0.274969284091258,4.45861807626689,8.24897519373116e-06,0.00256378172887681
"ENSMUST00000031674.11|ENSMUSG00000029664.11|OTTMUSG00000042627|OTTMUST00000112288.1|Tfpi2-201|Tfpi2|1530|protein_coding|",554.403125740099,1.02756917535755,0.23047096512068,4.45856238255214,8.25111843182079e-06,0.00256378172887681
"ENSMUST00000364385.1|ENSMUSG00000111368.3|OTTMUSG00000063481|-|Gm47889-209|Gm47889|774|lncRNA|",80.1929970715418,-1.24839770140394,0.280485867225848,-4.45083994338556,8.5535076751178e-06,0.00264613405124911
"ENSMUST00000166855.3|ENSMUSG00000050164.12|OTTMUSG00000070872|OTTMUST00000171284.1|Mchr1-201|Mchr1|2189|protein_coding|",40.0184762107989,-5.54194553835601,1.24879227291225,-4.43784419440066,9.08643509980542e-06,0.00279878003569833
"ENSMUST00000033731.4|ENSMUSG00000031365.14|OTTMUSG00000017691|OTTMUST00000043455.1|Zfp275-201|Zfp275|6376|protein_coding|",784.639979247507,-0.776094043789415,0.17511313249988,-4.43195797316885,9.33812218220751e-06,0.00286385250162904
"ENSMUST00000195514.6|ENSMUSG00000032599.13|OTTMUSG00000050674|OTTMUST00000128462.1|Ip6k2-211|Ip6k2|654|protein_coding|",285.405423001513,-1.34594447460986,0.304169807053986,-4.4249772442765,9.64524497696498e-06,0.00294529196184529
"ENSMUST00000076961.9|ENSMUSG00000003380.12|OTTMUSG00000058240|OTTMUST00000143038.1|Rabac1-201|Rabac1|899|protein_coding|",691.69801711194,-0.804466023931089,0.181951105180898,-4.42133079176013,9.80948658090381e-06,0.00298258913020408
"ENSMUST00000340010.1|ENSMUSG00000137137.1|-|-|ENSMUST00000340010|ENSMUSG00000137137|2833|lncRNA|",15.2651957040731,7.43373060948575,1.68246101142556,4.41836723644913,9.94493393044229e-06,0.00301084999730023
"ENSMUST00000095267.8|ENSMUSG00000071076.9|OTTMUSG00000061455|OTTMUST00000149975.1|Jund-201|Jund|1667|protein_coding|",1119.10706443696,-1.01535080027049,0.229889355041378,-4.41669341361079,1.00222223718571e-05,0.00302133753919934
"ENSMUST00000114706.8|ENSMUSG00000022790.15|OTTMUSG00000016990|OTTMUST00000041206.1|Igsf11-202|Igsf11|1578|protein_coding|",64.4272583324438,4.73050277531058,1.07342252662009,4.40693450900983,1.04843871169848e-05,0.00314727085133758
"ENSMUST00000294609.1|ENSMUSG00000111923.4|OTTMUSG00000065382|-|Gm34777-218|Gm34777|923|lncRNA|",11.9705698343364,-6.96910163078741,1.58433499251371,-4.39875510148913,1.08873598836704e-05,0.00325444777889767
"ENSMUST00000122374.8|ENSMUSG00000023232.18|OTTMUSG00000009563|OTTMUST00000021894.1|Serinc2-203|Serinc2|1881|protein_coding|",13.3321713089741,-7.12312780622596,1.61977681266802,-4.39759832991626,1.09455301313048e-05,0.00325808880933678
"ENSMUST00000144061.2|ENSMUSG00000021770.12|OTTMUSG00000027978|OTTMUST00000069302.1|Samd8-204|Samd8|1613|nonsense_mediated_decay|",265.33871145869,-0.793976301241063,0.180601659432755,-4.39628463954779,1.10119511508226e-05,0.00326414505158524
"ENSMUST00000226535.2|ENSMUSG00000022946.11|OTTMUSG00000069445|OTTMUST00000167955.1|Dop1b-205|Dop1b|877|retained_intron|",9.63993033254834,6.76720765469814,1.54021738891367,4.3936704671742,1.11452719341388e-05,0.00328989852042553
"ENSMUST00000193424.2|ENSMUSG00000007815.14|OTTMUSG00000050752|OTTMUST00000128630.1|Rhoa-202|Rhoa|667|retained_intron|",116.549391977543,1.07135611813159,0.244488074992418,4.38203833935384,1.1757411244203e-05,0.00345619104640796
"ENSMUST00000135919.8|ENSMUSG00000027009.19|OTTMUSG00000013313|OTTMUST00000032193.1|Itga4-203|Itga4|1826|protein_coding_CDS_not_defined|",13.7110065318753,7.27873667008032,1.66176708739708,4.3801184445658,1.18614817331593e-05,0.00346184410794517
"ENSMUST00000233823.2|ENSMUSG00000038910.8|OTTMUSG00000072532|OTTMUST00000175510.1|Plcl2-202|Plcl2|4433|protein_coding_CDS_not_defined|",182.203446913293,1.24336087758703,0.283880011466682,4.37988173652362,1.18743735281841e-05,0.00346184410794517
"ENSMUST00000168841.3|ENSMUSG00000049103.15|OTTMUSG00000035281|OTTMUST00000089980.1|Ccr2-203|Ccr2|5728|protein_coding|",50.8337275290865,2.90389343280532,0.663230016343017,4.37841074928589,1.19547879633086e-05,0.00347100409210097
"ENSMUST00000105322.9|ENSMUSG00000078439.10|OTTMUSG00000030397|OTTMUST00000075291.1|Smim24-201|Smim24|901|protein_coding|",113.44778186827,1.76127730382176,0.403621390360717,4.36368672692917,1.27888681562526e-05,0.00369801867616963
"ENSMUST00000043867.11|ENSMUSG00000039221.11|OTTMUSG00000051223|OTTMUST00000129706.1|Rpl22l1-201|Rpl22l1|552|protein_coding|",1421.38164758149,-0.808553323549159,0.186052342967266,-4.34583790052789,1.38745006077182e-05,0.00397945393138943
"ENSMUST00000320922.1|ENSMUSG00000133813.1|-|-|ENSMUST00000320922|ENSMUSG00000133813|861|lncRNA|",35.6528658203085,-8.54334201516392,1.96559453812149,-4.3464416742472,1.38363821673908e-05,0.00397945393138943
"ENSMUST00000304793.1|ENSMUSG00000131208.1|-|-|ENSMUST00000304793|ENSMUSG00000131208|859|lncRNA|",200.723908735182,-1.96203332025638,0.452258191244237,-4.33830355810361,1.43586743833436e-05,0.00409028461846475
"ENSMUST00000089680.10|ENSMUSG00000055762.18|OTTMUSG00000019797|OTTMUST00000047342.1|Eef1d-203|Eef1d|973|protein_coding|",9.30998274165714,-6.60580482281884,1.52276516808711,-4.33803252218922,1.43763885438107e-05,0.00409028461846475
"ENSMUST00000211145.2|ENSMUSG00000040640.12|OTTMUSG00000060924|OTTMUST00000148924.1|Erc2-210|Erc2|2874|protein_coding|",103.115312896298,1.99890737715744,0.461325029924793,4.33296970139103,1.4711136227451e-05,0.00416878293959014
"ENSMUST00000246481.1|ENSMUSG00000053332.16|OTTMUSG00000035061|-|Gas5-256|Gas5|1213|retained_intron|",9.57639452137958,-6.64642101356045,1.53588515734073,-4.3274205638319,1.50865728057335e-05,0.00425814009501748
"ENSMUST00000178710.8|ENSMUSG00000064302.15|OTTMUSG00000048576|-|Clasp1-203|Clasp1|7566|protein_coding|",14.0046311790233,-7.19230592513884,1.66282993078598,-4.32534066892771,1.52296315214768e-05,0.00428146037899804
"ENSMUST00000205444.2|ENSMUSG00000032777.10|OTTMUSG00000058204|OTTMUST00000142925.1|Gtf3c1-203|Gtf3c1|3337|nonsense_mediated_decay|",21.4595762077451,-7.80940484187306,1.80846733538291,-4.31824489670397,1.57274865902598e-05,0.0043866065354345
"ENSMUST00000180419.2|ENSMUSG00000096981.4|OTTMUSG00000062330|OTTMUST00000152039.1|Gm16845-201|Gm16845|1415|lncRNA|",9.48790183378124,-6.63192376132912,1.53577016759363,-4.31830484877861,1.57232159640164e-05,0.0043866065354345
"ENSMUST00000331248.1|ENSMUSG00000121502.2|-|-|Zfp939-219|Zfp939|2496|lncRNA|",10.6856475625329,-6.80214871512829,1.58023691451873,-4.30451197072555,1.67354243632582e-05,0.00464942903368889
"ENSMUST00000187541.7|ENSMUSG00000004110.19|OTTMUSG00000049818|OTTMUST00000126873.1|Cacna1e-202|Cacna1e|14921|protein_coding|",15.0304947769663,5.52522118721865,1.28557447642954,4.29786160858139,1.7245377516808e-05,0.0047723887687529
"ENSMUST00000223520.2|ENSMUSG00000113637.2|OTTMUSG00000067360|OTTMUST00000163119.1|Gm7049-201|Gm7049|1712|processed_pseudogene|",138.335366095408,3.58443881564065,0.834201985338733,4.29684762040594,1.73244197934014e-05,0.00477560776592889
"ENSMUST00000113660.2|ENSMUSG00000039648.15|OTTMUSG00000016753|OTTMUST00000040657.1|Kyat1-203|Kyat1|1388|protein_coding|",10.4849108906045,-6.77597613802916,1.57774739264772,-4.29471547194761,1.74917523354795e-05,0.00478450078167842
"ENSMUST00000075774.5|ENSMUSG00000045136.7|OTTMUSG00000067474|OTTMUST00000163347.1|Tubb2b-201|Tubb2b|2182|protein_coding|",200.266761850549,-1.47744653894493,0.343984880882675,-4.29509150272464,1.74621297515739e-05,0.00478450078167842
"ENSMUST00000220271.2|ENSMUSG00000020674.18|OTTMUSG00000027521|OTTMUST00000158468.1|Pxdn-208|Pxdn|6377|protein_coding|",339.293335214861,2.11236503006343,0.492535857552071,4.28875379868178,1.79678405215252e-05,0.00489582189964204
"ENSMUST00000081650.15|ENSMUSG00000060036.15|OTTMUSG00000049399|OTTMUST00000125951.1|Rpl3-201|Rpl3|1351|protein_coding|",6499.53494584464,-0.713268355089457,0.166506555395775,-4.28372536681254,1.83789751840268e-05,0.00498865945569806
"ENSMUST00000068916.16|ENSMUSG00000031570.18|OTTMUSG00000033438|OTTMUST00000083985.1|Plpp5-201|Plpp5|1483|protein_coding|",529.689731760566,-1.75638302249356,0.410106360731248,-4.28275001480544,1.84597528482702e-05,0.00499146080451471
"ENSMUST00000197336.5|ENSMUSG00000054792.16|OTTMUSG00000023208|OTTMUST00000056162.1|Klhl18-202|Klhl18|4225|nonsense_mediated_decay|",14.5601783006946,7.36586060535881,1.7218728678432,4.27781907881805,1.88733314881338e-05,0.00508388705682643
"ENSMUST00000111442.3|ENSMUSG00000079227.11|OTTMUSG00000035282|OTTMUST00000089983.1|Ccr5-202|Ccr5|8227|protein_coding|",168.85042266801,2.36923533794282,0.554778392266893,4.27059772148268,1.94949775728421e-05,0.00521170638177518
"ENSMUST00000025719.5|ENSMUSG00000024806.5|OTTMUSG00000074032|OTTMUST00000179620.1|Mlana-201|Mlana|906|protein_coding|",49.8439392367597,2.47906250787136,0.580416975732854,4.27117505434987,1.94445696738121e-05,0.00521170638177518
"ENSMUST00000044355.11|ENSMUSG00000041571.11|OTTMUSG00000021063|OTTMUST00000049826.1|Selenow-201|Selenow|736|protein_coding|",865.753525434853,1.44631388357411,0.338908750439852,4.26756134710897,1.97621435094133e-05,0.00526326802549201
"ENSMUST00000114882.9|ENSMUSG00000052146.17|OTTMUSG00000021337|OTTMUST00000050590.1|Rps10-203|Rps10|887|protein_coding|",1017.05418951743,-0.76735560756559,0.179869119924085,-4.26618870370555,1.98840613874464e-05,0.00527590428813577
"ENSMUST00000183414.2|ENSMUSG00000053541.4|OTTMUSG00000044640|OTTMUST00000117435.1|Gvin-ps6-201|Gvin-ps6|6622|transcribed_unprocessed_pseudogene|",101.900702201461,2.2712483996358,0.532762973292002,4.26314986869584,2.01565230672606e-05,0.00532824149319781
"ENSMUST00000030142.4|ENSMUSG00000028434.13|OTTMUSG00000007315|OTTMUST00000016914.1|Epb41l4b-201|Epb41l4b|3247|protein_coding|",812.292928334134,2.12077992797957,0.497675742274307,4.26136889511213,2.03178534173528e-05,0.00535092196096262
"ENSMUST00000114840.2|ENSMUSG00000032011.6|OTTMUSG00000016734|OTTMUST00000040558.1|Thy1-201|Thy1|1735|protein_coding|",81.8521214050514,2.19860777752619,0.517871761089233,4.24546759008811,2.18138039236149e-05,0.00572361898209101
"ENSMUST00000095666.13|ENSMUSG00000021068.18|OTTMUSG00000037170|OTTMUST00000095751.1|Nin-203|Nin|7183|protein_coding|",75.7136120075284,1.94831112612991,0.459703368409537,4.23819197338188,2.25327061166839e-05,0.00589043185287953
"ENSMUST00000244485.2|ENSMUSG00000120601.2|-|-|Gm30307-201|Gm30307|626|lncRNA|",8.94574076640675,-6.55092207128869,1.54804923879835,-4.23172720034006,2.31903576786801e-05,0.00604006507128092
"ENSMUST00000177193.8|ENSMUSG00000052752.16|OTTMUSG00000040166|OTTMUST00000109952.1|Traf7-223|Traf7|644|protein_coding|",9.09175349158075,-6.57423228796171,1.5549067871612,-4.22805556078657,2.35719590201921e-05,0.00611696653782596
"ENSMUST00000159283.8|ENSMUSG00000032575.17|OTTMUSG00000032651|OTTMUST00000077206.1|Manf-202|Manf|2247|protein_coding|",281.858532359166,-0.926898225194093,0.21936298198539,-4.22540857534398,2.38507642856832e-05,0.00616672826662387
"ENSMUST00000196249.5|ENSMUSG00000025648.19|OTTMUSG00000027454|OTTMUST00000067929.1|Pfkfb4-202|Pfkfb4|1751|nonsense_mediated_decay|",8.98233370312544,-6.55278626917729,1.55388418755632,-4.2170364571908,2.47533967690839e-05,0.00637683505712356
"ENSMUST00000025209.12|ENSMUSG00000024352.13|OTTMUSG00000073170|OTTMUST00000177213.1|Spata24-201|Spata24|702|protein_coding|",136.460611252803,-1.50738190737512,0.357527407386607,-4.21612966232021,2.48530896643519e-05,0.00637931987022228
"ENSMUST00000020321.13|ENSMUSG00000020120.16|OTTMUSG00000005189|OTTMUST00000011600.1|Plek-201|Plek|3896|protein_coding|",12.3788169744876,7.13044218146293,1.69338729565604,4.21075686569416,2.54516550966032e-05,0.00650937564499551
"ENSMUST00000129030.2|ENSMUSG00000052062.15|OTTMUSG00000002383|OTTMUST00000004902.1|Pard3b-204|Pard3b|2400|retained_intron|",97.8080120437477,1.20907539594258,0.287545103546783,4.20481997790606,2.61290043964401e-05,0.00658306409076796
"ENSMUST00000079697.10|ENSMUSG00000073842.11|OTTMUSG00000007428|OTTMUST00000017166.1|Mup7-201|Mup7|927|protein_coding|",1421.75053058248,5.71475699938584,1.35930738845161,4.20416827565069,2.62043937891221e-05,0.00658306409076796
"ENSMUST00000134452.8|ENSMUSG00000072889.10|OTTMUSG00000026056|OTTMUST00000064327.1|Nfxl1-203|Nfxl1|884|retained_intron|",11.5214138319448,-6.91470857286251,1.64430275394837,-4.20525268613618,2.60790623906965e-05,0.00658306409076796
"ENSMUST00000220291.2|ENSMUSG00000019960.9|OTTMUSG00000065348|OTTMUST00000159210.1|Dusp6-204|Dusp6|2359|protein_coding|",12.1498705742061,7.10077414895517,1.68859125873884,4.20514681229521,2.60912736653211e-05,0.00658306409076796
"ENSMUST00000228650.2|ENSMUSG00000115009.3|OTTMUSG00000070460|OTTMUST00000170390.1|G930009F23Rik-202|G930009F23Rik|2819|lncRNA|",22.6884025368558,2.53035728176787,0.601831503232743,4.20442809686106,2.61743127183531e-05,0.00658306409076796
"ENSMUST00000236779.2|ENSMUSG00000024485.17|OTTMUSG00000073390|OTTMUST00000178075.1|Slc4a9-208|Slc4a9|2966|protein_coding|",312.931377222325,-5.0955971798559,1.21371401596343,-4.19835077525334,2.68865935839136e-05,0.00670687970372808
"ENSMUST00000080824.13|ENSMUSG00000056917.14|OTTMUSG00000074383|OTTMUST00000180505.1|Sipa1-202|Sipa1|3741|protein_coding|",14.3842817494789,-7.2306389020687,1.72216521659422,-4.19857446451515,2.68600529307162e-05,0.00670687970372808
"ENSMUST00000202829.4|ENSMUSG00000023079.15|OTTMUSG00000055742|OTTMUST00000137919.1|Gtf2ird1-231|Gtf2ird1|1080|protein_coding|",58.674443313396,1.36976955759962,0.326331843746504,4.19747439255012,2.69908165280797e-05,0.00670925405654483
"ENSMUST00000216076.2|ENSMUSG00000009927.10|OTTMUSG00000063299|OTTMUST00000154178.1|Rps25-204|Rps25|393|protein_coding|",1758.59541018849,-0.811411809151076,0.193795725508862,-4.18694378846851,2.82735812296665e-05,0.00700354401620451
"ENSMUST00000029773.13|ENSMUSG00000053931.12|OTTMUSG00000054988|OTTMUST00000136263.1|Cnn3-201|Cnn3|2049|protein_coding|",3946.79574952527,-0.73577404047183,0.176149654268931,-4.17698259769792,2.95401615933489e-05,0.00729178818090317
"ENSMUST00000153091.2|ENSMUSG00000044770.15|OTTMUSG00000017273|OTTMUST00000041830.1|Scml4-208|Scml4|1563|retained_intron|",34.7643644716233,-2.73388037211899,0.655118112623621,-4.17311064896425,3.00468925700163e-05,0.00739111825427166
"ENSMUST00000273235.1|ENSMUSG00000098318.10|OTTMUSG00000044949|-|Lockd-238|Lockd|293|lncRNA|",10.3081623850719,-6.7607615812212,1.62251186905389,-4.16684876713013,3.08839237741e-05,0.00757072905139218
"ENSMUST00000167529.3|ENSMUSG00000029811.15|OTTMUSG00000034260|-|Aoc1-204|Aoc1|2734|protein_coding|",10.8945899490809,-6.83085236310795,1.63966085164055,-4.16601540268123,3.09969768380357e-05,0.00757224078315105
"ENSMUST00000171077.8|ENSMUSG00000051504.19|OTTMUSG00000027292|-|Siglech-206|Siglech|1934|protein_coding|",14.4398897167839,5.47970260566606,1.31926239399789,4.15361085906524,3.27269547464341e-05,0.00796738275620749
"ENSMUST00000282142.1|ENSMUSG00000127401.1|-|-|ENSMUST00000282142|ENSMUSG00000127401|392|lncRNA|",18.7109436264786,-3.14528627669178,0.758225302527625,-4.14822120312608,3.35068568865421e-05,0.00812931427832255
"ENSMUST00000303239.1|ENSMUSG00000086290.12|OTTMUSG00000011112|-|Snhg12-244|Snhg12|742|lncRNA|",10.7433308720747,6.92098380033732,1.6711323766857,4.14149345491318,3.45051721069363e-05,0.00834295021414264
"ENSMUST00000223109.2|ENSMUSG00000021262.16|OTTMUSG00000066176|OTTMUST00000160842.1|Evl-206|Evl|1487|protein_coding|",397.265925779204,1.73230096544265,0.419736946555323,4.12711099096522,3.67349118447975e-05,0.00885186426779876
"ENSMUST00000059980.11|ENSMUSG00000046330.11|OTTMUSG00000061689|OTTMUST00000150520.1|Rpl37a-201|Rpl37a|558|protein_coding|",13091.15474945,-0.438166411624114,0.106283887953575,-4.12260428236788,3.74612927807932e-05,0.00897254697992173
"ENSMUST00000163530.8|ENSMUSG00000028107.15|OTTMUSG00000053011|OTTMUST00000132609.1|Tars2-204|Tars2|2157|protein_coding|",277.164267513438,-0.867305178493996,0.210386686948752,-4.12243374841139,3.74890450293156e-05,0.00897254697992173
"ENSMUST00000195223.2|ENSMUSG00000102839.2|OTTMUSG00000049787|OTTMUST00000126811.1|Gm37385-201|Gm37385|387|TEC|",1560.76064600846,-1.53099900877962,0.371810515182087,-4.11768614997303,3.82695382967393e-05,0.00912850899358315
"ENSMUST00000137219.8|ENSMUSG00000030409.17|OTTMUSG00000024656|OTTMUST00000060634.1|Dmpk-209|Dmpk|2433|retained_intron|",33.3359972890775,-2.12784075358256,0.517421008584346,-4.11239729017632,3.91571694423269e-05,0.0093088943354772
"ENSMUST00000150305.2|ENSMUSG00000026958.14|OTTMUSG00000011997|OTTMUST00000028428.1|Dpp7-210|Dpp7|650|protein_coding_CDS_not_defined|",36.0849862526666,2.03436855242749,0.494842364461376,4.11114467663223,3.93702397382555e-05,0.00932824503015709
"ENSMUST00000080492.7|ENSMUSG00000057863.7|OTTMUSG00000072377|OTTMUST00000175039.1|Rpl36-201|Rpl36|383|protein_coding|",8114.49922342509,-0.479828904144966,0.116745807010013,-4.11003115601242,3.95605737039283e-05,0.00934209761160366
"ENSMUST00000188936.2|ENSMUSG00000100706.9|OTTMUSG00000046254|OTTMUST00000120607.1|Gm19744-204|Gm19744|4533|lncRNA|",20.4766259395873,5.96570880380909,1.45210622268056,4.10831433033633,3.9855742649177e-05,0.00935382613840071
"ENSMUST00000115524.8|ENSMUSG00000008035.13|OTTMUSG00000016740|OTTMUST00000040591.1|Mid1ip1-202|Mid1ip1|2022|protein_coding|",101.752323037794,1.60965274559136,0.391813957770696,4.10820674880956,3.98743082518917e-05,0.00935382613840071
"ENSMUST00000152210.2|ENSMUSG00000014353.16|OTTMUSG00000015355|OTTMUST00000036396.1|Tmem87b-205|Tmem87b|2096|protein_coding|",11.2306663640438,-6.87485244008727,1.67462745796109,-4.10530258978174,4.03785983434598e-05,0.00940980730606601
"ENSMUST00000178774.3|ENSMUSG00000052146.17|OTTMUSG00000021337|-|Rps10-208|Rps10|498|protein_coding|",3363.13022532895,-0.816298635595423,0.198822517288421,-4.10566492532263,4.03153520665781e-05,0.00940980730606601
"ENSMUST00000151174.8|ENSMUSG00000017774.20|OTTMUSG00000006212|OTTMUST00000042587.1|Myo1c-209|Myo1c|2503|retained_intron|",125.452896526423,-1.41546834489857,0.345147352782713,-4.10105519711077,4.11270434765131e-05,0.00955280087885277
"ENSMUST00000063062.9|ENSMUSG00000040809.11|OTTMUSG00000023699|OTTMUST00000057874.1|Chil3-201|Chil3|1539|protein_coding|",241.72495138736,-5.95034383176057,1.45617594103743,-4.0862808291705,4.38343172054496e-05,0.0100498329064818
"ENSMUST00000121758.8|ENSMUSG00000031075.20|OTTMUSG00000030429|OTTMUST00000075352.1|Ano1-203|Ano1|4552|protein_coding|",68.5955554510049,2.58275912863786,0.632007482111895,4.08659581055497,4.37748759536337e-05,0.0100498329064818
"ENSMUST00000105235.10|ENSMUSG00000025369.16|OTTMUSG00000064816|OTTMUST00000157808.1|Smarcc2-203|Smarcc2|4032|protein_coding|",1173.9593041319,0.513143399336587,0.125534329502517,4.0876738767008,4.35720084283489e-05,0.0100498329064818
"ENSMUST00000223920.2|ENSMUSG00000039126.11|OTTMUSG00000068244|OTTMUST00000164942.1|Prune2-202|Prune2|1803|protein_coding|",8.50577765845187,6.58963729094807,1.61218298976087,4.08740033408088,4.3623398326678e-05,0.0100498329064818
"ENSMUST00000036300.13|ENSMUSG00000045672.16|OTTMUSG00000000244|OTTMUST00000000701.1|Col27a1-201|Col27a1|7612|protein_coding|",1131.81960736547,2.41136516576181,0.590551729106862,4.08324122496213,4.44118794571969e-05,0.0101196587629906
"ENSMUST00000023478.8|ENSMUSG00000022790.15|OTTMUSG00000016990|OTTMUST00000041205.1|Igsf11-201|Igsf11|3443|protein_coding|",236.247980910089,4.79763388109945,1.17497633964063,4.08317488551884,4.44245648931466e-05,0.0101196587629906
"ENSMUST00000032492.9|ENSMUSG00000030342.9|OTTMUSG00000022694|OTTMUST00000054430.1|Cd9-201|Cd9|1228|protein_coding|",2351.60316101505,-2.21495671057784,0.542843064406497,-4.08028923239447,4.49796978233271e-05,0.0102132747198583
"ENSMUST00000194067.2|ENSMUSG00000104080.2|OTTMUSG00000044936|OTTMUST00000118104.1|Gm38279-201|Gm38279|1131|TEC|",306.623415354394,-1.09771519429797,0.269206644095109,-4.07759324807063,4.55042823119372e-05,0.0102993781984245
"ENSMUST00000211812.2|ENSMUSG00000031561.17|OTTMUSG00000021119|OTTMUST00000150887.1|Tenm3-207|Tenm3|763|protein_coding|",13.8549639134181,6.3143260034056,1.54888928917318,4.07668001034229,4.56832918609513e-05,0.0103069653776982
"ENSMUST00000099537.9|ENSMUSG00000024921.18|OTTMUSG00000040069|OTTMUST00000104063.1|Smarca2-202|Smarca2|5913|nonsense_mediated_decay|",107.345282558501,4.13554783667204,1.01480207628153,4.07522603010987,4.59696745107099e-05,0.010338652765196
"ENSMUST00000034021.12|ENSMUSG00000031608.14|OTTMUSG00000031562|OTTMUST00000078172.1|Galnt7-201|Galnt7|4313|protein_coding|",274.753779946618,1.53225846540899,0.37623117052991,4.0726515648633,4.64809337049694e-05,0.0104205546436546
"ENSMUST00000120377.8|ENSMUSG00000028063.16|OTTMUSG00000030317|OTTMUST00000075093.1|Lmna-203|Lmna|2021|protein_coding|",2641.1015988032,-0.753657076024195,0.185283626177433,-4.06758595766294,4.7502688172358e-05,0.010582642895857
"ENSMUST00000074114.12|ENSMUSG00000023079.15|OTTMUSG00000055742|OTTMUST00000137920.1|Gtf2ird1-202|Gtf2ird1|3330|protein_coding|",202.961378386166,0.832299569989919,0.204601218747573,4.06791110573378,4.74364699546261e-05,0.010582642895857
"ENSMUST00000141483.8|ENSMUSG00000029661.17|OTTMUSG00000021300|OTTMUST00000050505.1|Col1a2-205|Col1a2|850|protein_coding|",8.03929845094013,6.50343865777188,1.60184357555516,4.05997112141111,4.90787857167127e-05,0.0108994905809241
"ENSMUST00000144864.8|ENSMUSG00000027893.15|OTTMUSG00000029454|OTTMUST00000072986.1|Ahcyl1-205|Ahcyl1|1689|retained_intron|",44.0456681440789,-1.81003248095399,0.446031467512579,-4.05808247352626,4.94772960396229e-05,0.010953654876972
"ENSMUST00000001484.3|ENSMUSG00000001444.3|OTTMUSG00000002233|OTTMUST00000004472.1|Tbx21-201|Tbx21|2488|protein_coding|",14.9310346573859,3.87961343856277,0.956808656859511,4.05474324542238,5.01893996463469e-05,0.0110766910546598
"ENSMUST00000033664.14|ENSMUSG00000031304.19|OTTMUSG00000018211|OTTMUST00000043978.1|Il2rg-201|Il2rg|1670|protein_coding|",115.864122352468,1.64154766464443,0.405042082225566,4.0527829988052,5.0611943924455e-05,0.0111352563831804
"ENSMUST00000111810.2|ENSMUSG00000042671.13|OTTMUSG00000021608|OTTMUST00000051313.1|Rgs8-202|Rgs8|5614|protein_coding|",10.3920454033327,-6.76334417501022,1.66945848428804,-4.05122034399947,5.0951197614244e-05,0.0111751908476269
"ENSMUST00000117725.2|ENSMUSG00000016552.14|OTTMUSG00000028122|OTTMUST00000069642.1|Foxred2-202|Foxred2|4347|protein_coding|",12.457827526203,7.13997395221464,1.76361485054499,4.04848822292933,5.15495275854506e-05,0.0112715269514311
"ENSMUST00000111136.8|ENSMUSG00000027180.13|OTTMUSG00000014914|OTTMUST00000035430.1|Fbxo3-204|Fbxo3|4211|protein_coding|",10.4025705072324,6.87789254082062,1.70004144246683,4.04572051540138,5.21624366602866e-05,0.0113438064037007
"ENSMUST00000343604.1|ENSMUSG00000137801.1|-|-|ENSMUST00000343604|ENSMUSG00000137801|1576|lncRNA|",217.976422825296,-1.52374840551959,0.37664798766399,-4.04555036911265,5.22003400091248e-05,0.0113438064037007
"ENSMUST00000035579.10|ENSMUSG00000032898.10|OTTMUSG00000056149|OTTMUST00000138837.1|Fbxo21-201|Fbxo21|3883|protein_coding|",2467.03518163039,-0.789749593138748,0.195324744822739,-4.04326443050245,5.27121142804787e-05,0.0114199908993463
"ENSMUST00000084501.4|ENSMUSG00000028370.8|OTTMUSG00000000318|OTTMUST00000005757.1|Pappa-201|Pappa|11027|protein_coding|",53.3572222214138,-1.5624600696956,0.386581629641623,-4.04173387945014,5.30574264438438e-05,0.0114597570700844
"ENSMUST00000015486.7|ENSMUSG00000015342.7|OTTMUSG00000016888|OTTMUST00000040989.1|Xk-201|Xk|5076|protein_coding|",197.63065319735,1.05099218892652,0.260252215811036,4.03836019474904,5.38261581106475e-05,0.0115904569762636
"ENSMUST00000170086.8|ENSMUSG00000037321.18|OTTMUSG00000036473|OTTMUST00000093466.1|Tap1-206|Tap1|2953|protein_coding|",261.606638360798,2.23999511517234,0.554951284937529,4.03638152747857,5.42819168041534e-05,0.0116531761032529
"ENSMUST00000059997.10|ENSMUSG00000045838.10|OTTMUSG00000015637|OTTMUST00000037147.1|Ccdc9b-201|Ccdc9b|4703|protein_coding|",284.129926328315,0.962440186444352,0.238682170525215,4.03230867360777,5.52315763228158e-05,0.0117856198584746
"ENSMUST00000233250.2|ENSMUSG00000053436.16|OTTMUSG00000020086|OTTMUST00000175336.1|Mapk14-209|Mapk14|1066|protein_coding|",10.2163382428346,6.85222095781244,1.69909039971381,4.03287603706466,5.5098348089873e-05,0.0117856198584746
"ENSMUST00000065679.8|ENSMUSG00000053318.8|OTTMUSG00000050153|OTTMUST00000127505.1|Slamf8-201|Slamf8|1659|protein_coding|",52.8672312891701,3.41415216573573,0.847123672729279,4.03028775566612,5.57086118591399e-05,0.0118517144100568
"ENSMUST00000064709.13|ENSMUSG00000052712.18|OTTMUSG00000028957|OTTMUST00000071753.1|BC004004-201|BC004004|2812|protein_coding|",139.442328217382,-1.16686780788201,0.289615769623889,-4.02902027537162,5.6009788034145e-05,0.0118801120463801
"ENSMUST00000090246.5|ENSMUSG00000050931.8|OTTMUSG00000022630|OTTMUST00000054212.1|Sgms2-201|Sgms2|5801|protein_coding|",3349.63029764418,-0.931578735501345,0.231264659139887,-4.02819323525716,5.62071385400792e-05,0.0118863836499504
"ENSMUST00000078308.13|ENSMUSG00000070565.12|OTTMUSG00000033172|OTTMUST00000082979.1|Rasal2-201|Rasal2|10047|protein_coding|",418.89686745427,0.861573211920738,0.213940744441838,4.02715814684363,5.64550622296571e-05,0.0119032810374935
"ENSMUST00000076133.10|ENSMUSG00000058317.13|OTTMUSG00000027804|-|Ube2e2-201|Ube2e2|606|protein_coding|",14.2954938139825,7.33515884359291,1.82338011782388,4.02283581568669,5.75015821373315e-05,0.0120879587090122
"ENSMUST00000029639.12|ENSMUSG00000028007.14|OTTMUSG00000035935|OTTMUST00000092178.1|Snx7-201|Snx7|2021|protein_coding|",340.238213387196,0.753888897122649,0.187508177898572,4.02056542584743,5.80586215938301e-05,0.0121330530625171
"ENSMUST00000173944.3|ENSMUSG00000036594.16|OTTMUSG00000037121|OTTMUST00000095579.1|H2-Aa-203|H2-Aa|3223|retained_intron|",61.2650273500581,2.80615838015199,0.697834938935977,4.02123514255487,5.78937776122647e-05,0.0121330530625171
"ENSMUST00000172577.8|ENSMUSG00000050373.14|OTTMUSG00000001102|OTTMUST00000096688.1|Snx21-204|Snx21|1825|protein_coding|",363.910966374011,-1.75557887637591,0.436788635715884,-4.0192869796133,5.83745331727923e-05,0.0121429955440571
"ENSMUST00000312118.1|ENSMUSG00000120013.2|-|-|Gm57273-202|Gm57273|1083|lncRNA|",8.21360818041767,6.53535316579532,1.62611969145761,4.01898654823937,5.84490074039222e-05,0.0121429955440571
"ENSMUST00000111314.2|ENSMUSG00000006403.14|OTTMUSG00000021528|OTTMUST00000051063.1|Adamts4-201|Adamts4|3761|protein_coding|",16.7505780855559,7.56736948314078,1.8838228713505,4.01702813901807,5.89366889584664e-05,0.0122085110893965
"ENSMUST00000106059.8|ENSMUSG00000040928.16|OTTMUSG00000009625|OTTMUST00000022152.1|S100pbp-203|S100pbp|4084|protein_coding|",94.0994593801072,-2.26723784908592,0.565237283802273,-4.0111257945239,6.04298995478859e-05,0.0124450459406117
"ENSMUST00000042334.16|ENSMUSG00000037805.16|OTTMUSG00000023382|OTTMUST00000056736.1|Rpl10a-201|Rpl10a|830|protein_coding|",7453.39480530592,-0.697509882804196,0.173878220396954,-4.0114850566783,6.03379968159809e-05,0.0124450459406117
"ENSMUST00000206127.2|ENSMUSG00000032777.10|OTTMUSG00000058204|OTTMUST00000142929.1|Gtf3c1-208|Gtf3c1|712|protein_coding|",14.170512723869,7.32296852013689,1.82601576764597,4.01035338789948,6.06279376394905e-05,0.0124496394612524
"ENSMUST00000124763.2|ENSMUSG00000032589.15|OTTMUSG00000016899|OTTMUST00000041007.1|Bsn-202|Bsn|7496|protein_coding|",653.516554046,-2.07569414690944,0.517858988718242,-4.00822268634752,6.11774207664048e-05,0.0125261653085988
"ENSMUST00000320551.1|ENSMUSG00000133770.1|-|-|ENSMUST00000320551|ENSMUSG00000133770|1349|lncRNA|",377.087360439843,-1.23371769556593,0.307898992244092,-4.00689098257224,6.15232425561824e-05,0.0125606703044674
"ENSMUST00000211816.2|ENSMUSG00000074151.15|OTTMUSG00000033926|OTTMUST00000113571.1|Nlrc5-206|Nlrc5|7578|protein_coding|",269.061677586834,2.75547639047697,0.689461261684182,3.99656448245696,6.42683813324626e-05,0.0130834172618304
"ENSMUST00000130384.2|ENSMUSG00000034593.17|OTTMUSG00000016492|OTTMUST00000086157.1|Myo5a-204|Myo5a|650|protein_coding|",13.4361209021819,7.24396298033811,1.81659991723,3.9876490754133,6.67312727577811e-05,0.0135458747485738
"ENSMUST00000103150.10|ENSMUSG00000027478.16|OTTMUSG00000016775|OTTMUST00000040809.1|Dnmt3b-205|Dnmt3b|4070|protein_coding|",280.953640229505,1.04387333204899,0.261992211046116,3.98436780956534,6.76600078177912e-05,0.0136561412930017
"ENSMUST00000220937.2|ENSMUSG00000019726.13|OTTMUSG00000066744|OTTMUST00000161916.1|Lyst-202|Lyst|5854|retained_intron|",224.903858191559,1.61023142646117,0.404133722781057,3.98440252741176,6.76501175106323e-05,0.0136561412930017
"ENSMUST00000195834.2|ENSMUSG00000027559.6|OTTMUSG00000051086|OTTMUST00000129482.1|Car3-203|Car3|804|retained_intron|",32.8846189058257,8.53730947069185,2.14456630036326,3.98090255789515,6.86540905150966e-05,0.0137450547485497
"ENSMUST00000040532.12|ENSMUSG00000037822.13|OTTMUSG00000055459|OTTMUST00000070396.1|Smim14-201|Smim14|1177|nonsense_mediated_decay|",86.9252025046445,-1.82308316259909,0.457968591650088,-3.98080391502485,6.86825896474876e-05,0.0137450547485497
"ENSMUST00000034173.14|ENSMUSG00000061959.14|OTTMUSG00000024535|OTTMUST00000060221.1|Ces1e-201|Ces1e|2073|protein_coding|",731.778498423403,4.61570866220505,1.15912844507257,3.98205106761578,6.83230944712318e-05,0.0137450547485497
"ENSMUST00000173850.8|ENSMUSG00000048000.16|OTTMUSG00000037064|OTTMUST00000095341.1|Gigyf2-214|Gigyf2|2520|protein_coding_CDS_not_defined|",209.053117558362,-0.998610294300108,0.250970060755286,-3.97900168368619,6.92052509228859e-05,0.0137738046963709
"ENSMUST00000199832.2|ENSMUSG00000037411.12|OTTMUSG00000054456|OTTMUST00000135049.1|Serpine1-202|Serpine1|1268|retained_intron|",247.4119478969,-3.30543049795875,0.830725610994998,-3.9789678495643,6.9215098976738e-05,0.0137738046963709
"ENSMUST00000036176.16|ENSMUSG00000033697.17|OTTMUSG00000039938|OTTMUST00000103776.1|Arhgap39-201|Arhgap39|4500|protein_coding|",481.829397852522,0.94097588744256,0.236565601388693,3.97765305656792,6.95988225679438e-05,0.013811369708693
"ENSMUST00000139104.3|ENSMUSG00000070425.14|OTTMUSG00000045818|OTTMUST00000119779.1|Xntrpc-203|Xntrpc|4505|nonsense_mediated_decay|",7.46867972946772,6.40072139311769,1.61036974477632,3.97469054164748,7.04708248805632e-05,0.0138678753273295
"ENSMUST00000039388.3|ENSMUSG00000034936.3|OTTMUSG00000014383|OTTMUST00000034028.1|Arl4d-201|Arl4d|1382|protein_coding|",513.503777158184,-2.76298700566478,0.695021698834572,-3.9753967542277,7.02620211902641e-05,0.0138678753273295
"ENSMUST00000089398.9|ENSMUSG00000068227.10|OTTMUSG00000070732|OTTMUST00000170894.1|Il2rb-201|Il2rb|4194|protein_coding|",163.949725580155,2.03781440984078,0.512615631568219,3.97532631536536,7.02828213235748e-05,0.0138678753273295
"ENSMUST00000294391.1|ENSMUSG00000129556.1|-|-|ENSMUST00000294391|ENSMUSG00000129556|984|lncRNA|",9922.71014672663,-1.38591563190117,0.349092028541162,-3.97005808953256,7.18551110870256e-05,0.0141011177004134
"ENSMUST00000113306.4|ENSMUSG00000079445.4|OTTMUSG00000048090|OTTMUST00000123557.1|B3gnt7-201|B3gnt7|2582|protein_coding|",48.3290454923614,1.42062159937911,0.35794953738149,3.9687761849656,7.22426944383723e-05,0.014138015040862
"ENSMUST00000056181.7|ENSMUSG00000050373.14|OTTMUSG00000001102|OTTMUST00000002161.1|Snx21-201|Snx21|2590|protein_coding|",292.061230629508,-1.86585303013849,0.470221369285284,-3.96803112749746,7.24688700707572e-05,0.0141432083506687
"ENSMUST00000214259.2|ENSMUSG00000090675.3|OTTMUSG00000037460|OTTMUST00000155991.1|Or5v1b-202|Or5v1b|2620|protein_coding|",18.8891577452091,7.74047244224614,1.95155035082699,3.9663196181262,7.29909686605113e-05,0.0141875830365047
"ENSMUST00000236591.2|ENSMUSG00000025225.16|OTTMUSG00000074221|OTTMUST00000180097.1|Nfkb2-204|Nfkb2|3132|protein_coding|",8.48737413244707,6.58342034790372,1.65997559142633,3.96597418775714,7.30967733093025e-05,0.0141875830365047
"ENSMUST00000171835.9|ENSMUSG00000049281.17|OTTMUSG00000016755|OTTMUST00000110662.1|Scn3b-203|Scn3b|4024|protein_coding|",12.5588698059113,7.15241788469068,1.80490039377419,3.96277706479657,7.40829541541705e-05,0.014339707115022
"ENSMUST00000246261.2|ENSMUSG00000108961.4|OTTMUSG00000059093|-|Gm32540-208|Gm32540|1965|lncRNA|",158.396210224057,-3.48757911598872,0.880237070262544,-3.96209070693705,7.42963016383949e-05,0.0143418179653146
"ENSMUST00000019992.6|ENSMUSG00000019846.12|OTTMUSG00000034993|OTTMUST00000088986.1|Lama4-201|Lama4|6046|protein_coding|",572.718602617145,1.63861898281854,0.4136567150243,3.96130154135726,7.4542323986254e-05,0.0143502076100059
"ENSMUST00000097707.5|ENSMUSG00000025949.17|OTTMUSG00000047694|OTTMUST00000122904.1|Pikfyve-202|Pikfyve|6641|protein_coding|",799.561471831926,0.488918595180418,0.123468233419177,3.95987357752606,7.49894511694864e-05,0.0143582504828408
"ENSMUST00000023920.3|ENSMUSG00000023153.10|OTTMUSG00000010711|OTTMUST00000024985.1|Tmem52-201|Tmem52|932|protein_coding|",8.21210818123725,-6.42468717859219,1.62239228435985,-3.96000846436914,7.49471068736797e-05,0.0143582504828408
"ENSMUST00000030886.15|ENSMUSG00000029022.19|OTTMUSG00000010653|OTTMUST00000024870.1|Miip-201|Miip|1813|protein_coding|",186.042164762216,-1.5524623765627,0.392757095166848,-3.95272904211494,7.72649125776802e-05,0.0147540578615989
"ENSMUST00000201982.4|ENSMUSG00000026872.19|OTTMUSG00000012355|OTTMUST00000138673.1|Zeb2-223|Zeb2|2608|protein_coding_CDS_not_defined|",212.469406182208,2.17393103405327,0.550833476960672,3.94662112050333,7.92618336900668e-05,0.0150768715214106
"ENSMUST00000085835.8|ENSMUSG00000037337.12|OTTMUSG00000059210|OTTMUST00000145293.1|Map4k1-201|Map4k1|2724|protein_coding|",55.0291424007863,1.83257291741299,0.464384412497996,3.94624123483235,7.93876313616922e-05,0.0150768715214106
"ENSMUST00000162089.3|ENSMUSG00000066477.15|OTTMUSG00000034723|OTTMUST00000088216.1|Gm16551-205|Gm16551|4286|retained_intron|",334.536618036703,-2.01872529074657,0.511637081974397,-3.9456195844061,7.959389572875e-05,0.0150768715214106
"ENSMUST00000090070.6|ENSMUSG00000054435.17|OTTMUSG00000026892|OTTMUST00000112086.1|Gimap4-202|Gimap4|1804|protein_coding|",287.291998896835,1.31177261115402,0.332557635324354,3.94449704898402,7.99676383213753e-05,0.0151011026013795
"ENSMUST00000226588.2|ENSMUSG00000071547.5|OTTMUSG00000069150|OTTMUST00000167310.1|Nt5dc2-202|Nt5dc2|881|protein_coding|",149.415156227117,-1.46640531150804,0.371810702761458,-3.9439566979029,8.01481364423055e-05,0.0151011026013795
"ENSMUST00000238021.2|ENSMUSG00000061232.17|OTTMUSG00000037104|OTTMUST00000177508.1|H2-K1-215|H2-K1|457|retained_intron|",1150.26126318513,1.33032800112356,0.337384929455643,3.94305698025693,8.04495316270002e-05,0.015117683338417
"ENSMUST00000023775.9|ENSMUSG00000023031.9|OTTMUSG00000071139|OTTMUST00000172121.1|Cela1-201|Cela1|1108|protein_coding|",102.197116712302,-2.78242919560994,0.706166119952196,-3.94019072424247,8.14168537332655e-05,0.0152589830314272
"ENSMUST00000111435.9|ENSMUSG00000026566.16|OTTMUSG00000049918|OTTMUST00000127075.1|Mpzl1-202|Mpzl1|2285|protein_coding|",258.139547478425,-1.57659575526748,0.400250111107962,-3.93902640252413,8.18129276731143e-05,0.0152927573827813
"ENSMUST00000114232.4|ENSMUSG00000079547.5|OTTMUSG00000037116|OTTMUST00000095561.1|H2-DMb1-201|H2-DMb1|1404|protein_coding|",131.308019754619,2.57884944435091,0.655034791032964,3.93696560801628,8.25184279019337e-05,0.0153840408060121
"ENSMUST00000025025.7|ENSMUSG00000024190.8|OTTMUSG00000020083|OTTMUST00000047766.1|Dusp1-202|Dusp1|1990|protein_coding|",92.7022585968247,-2.25407273035623,0.57271009782556,-3.93580057155338,8.29198110672092e-05,0.0154182968379143
"ENSMUST00000161681.2|ENSMUSG00000089719.2|OTTMUSG00000026032|OTTMUST00000064252.1|Gm15758-201|Gm15758|695|lncRNA|",53.2889828282705,-2.01813868405578,0.512957399129531,-3.93432025248196,8.3432478808779e-05,0.0154493102670657
"ENSMUST00000161548.8|ENSMUSG00000024792.10|OTTMUSG00000074597|OTTMUST00000071826.1|Zfpl1-209|Zfpl1|784|protein_coding|",14.0932319306272,7.31402062455802,1.85915307089318,3.93406048112229,8.35227518531728e-05,0.0154493102670657
"ENSMUST00000236232.2|ENSMUSG00000060586.12|OTTMUSG00000037123|OTTMUST00000177993.1|H2-Eb1-205|H2-Eb1|1082|nonsense_mediated_decay|",19.273857965856,4.27841758617607,1.08770743124651,3.93342682349151,8.37433413296276e-05,0.0154497741488441
"ENSMUST00000256169.1|ENSMUSG00000097157.4|OTTMUSG00000065915|-|Gm26512-205|Gm26512|3099|lncRNA|",5177.75098641297,-1.40564541061182,0.357574962973479,-3.93105098556936,8.45753321355792e-05,0.015562739817696
"ENSMUST00000181177.2|ENSMUSG00000022664.12|OTTMUSG00000024963|OTTMUST00000112346.1|Slc35a5-205|Slc35a5|865|protein_coding|",9.03235700787992,6.67233850323417,1.69816402672786,3.92914842042138,8.52472140482175e-05,0.0156457347980102
"ENSMUST00000130172.2|ENSMUSG00000020719.15|OTTMUSG00000003589|OTTMUST00000007739.1|Ddx5-207|Ddx5|589|protein_coding_CDS_not_defined|",323.620475294809,1.90479287240123,0.485287615702779,3.92508032508262,8.67008022726852e-05,0.01587139957676
"ENSMUST00000379958.1|ENSMUSG00000115970.4|OTTMUSG00000070884|-|8430426J06Rik-217|8430426J06Rik|797|lncRNA|",18.3706565604955,-5.73750364328593,1.46207007285837,-3.92423301030232,8.70064923118288e-05,0.0158863091271629
"ENSMUST00000040603.14|ENSMUSG00000033400.15|OTTMUSG00000034170|-|Agl-201|Agl|9625|protein_coding|",449.468693976558,-0.620416690828894,0.15817539339971,-3.92233379348138,8.76953857822341e-05,0.0159375652541924
"ENSMUST00000177604.2|ENSMUSG00000036223.17|OTTMUSG00000073664|-|Ska1-202|Ska1|2605|protein_coding|",32.2646697589014,-3.67886865413177,0.937955924010213,-3.92221911494821,8.77371470997546e-05,0.0159375652541924
"ENSMUST00000030751.5|ENSMUSG00000028917.15|OTTMUSG00000010343|OTTMUST00000024091.1|Plekhm2-201|Plekhm2|4154|protein_coding|",83.1169592673746,-5.35370547142994,1.36574441462861,-3.91999074943008,8.8552367576383e-05,0.0159628598691636
"ENSMUST00000099501.10|ENSMUSG00000035697.15|OTTMUSG00000019131|OTTMUST00000045852.1|Arhgap45-202|Arhgap45|3948|protein_coding|",173.952231659177,1.49789579876166,0.382104478137172,3.92012102570526,8.85045113015511e-05,0.0159628598691636
"ENSMUST00000226308.2|ENSMUSG00000044477.13|OTTMUSG00000069282|OTTMUST00000167566.1|Zfand3-203|Zfand3|2565|protein_coding_CDS_not_defined|",8.8607223099387,-6.53372292403658,1.66663530048877,-3.92030753346006,8.84360412280114e-05,0.0159628598691636
"ENSMUST00000044380.8|ENSMUSG00000035451.8|OTTMUSG00000065491|OTTMUST00000159534.1|Foxa1-201|Foxa1|3191|protein_coding|",82.1597911428275,3.42201666359906,0.873339979301166,3.91830987324926,8.91720248297424e-05,0.0160337637742088
"ENSMUST00000108431.3|ENSMUSG00000017774.20|OTTMUSG00000006212|OTTMUST00000014013.1|Myo1c-204|Myo1c|4718|protein_coding|",627.618566581621,-3.43020827607469,0.875618222003104,-3.91747018264146,8.94831099932419e-05,0.0160489656819272
"ENSMUST00000155687.3|ENSMUSG00000029661.17|OTTMUSG00000021300|OTTMUST00000050506.1|Col1a2-207|Col1a2|1519|retained_intron|",15.4315055801728,2.55999176513961,0.65427009150154,3.91274459644712,9.1253032807315e-05,0.016325075394448
"ENSMUST00000152191.8|ENSMUSG00000027332.12|OTTMUSG00000014828|OTTMUST00000037169.1|Ivd-207|Ivd|1010|protein_coding_CDS_not_defined|",165.057654656029,-1.92847834105141,0.493069310771669,-3.91117090218671,9.18497479505192e-05,0.0163768452751326
"ENSMUST00000235127.2|ENSMUSG00000038425.19|OTTMUSG00000027289|OTTMUST00000178719.1|Poli-206|Poli|1229|protein_coding_CDS_not_defined|",7.91024010319286,6.4808674200157,1.6571871659136,3.91076370449854,9.20047487367001e-05,0.0163768452751326
"ENSMUST00000232205.2|ENSMUSG00000022883.12|OTTMUSG00000017054|OTTMUST00000173443.1|Robo1-206|Robo1|6601|protein_coding|",311.809504439478,1.48504417684304,0.380601299328327,3.90183685516524,9.54654936114426e-05,0.0169502692466392
"ENSMUST00000239017.2|ENSMUSG00000021288.20|OTTMUSG00000027507|OTTMUST00000182044.1|Klc1-211|Klc1|4089|protein_coding|",354.090190243596,-0.71517701136211,0.183395402338664,-3.89964525959837,9.6333727816558e-05,0.0170616665335906
"ENSMUST00000168260.2|ENSMUSG00000032578.8|OTTMUSG00000036835|OTTMUST00000094584.1|Cish-204|Cish|2742|protein_coding|",19.8851793976651,-5.25200402875354,1.3471895343332,-3.89848933272263,9.67946640070599e-05,0.0171005515633819
"ENSMUST00000162368.8|ENSMUSG00000045962.17|OTTMUSG00000031633|OTTMUST00000078529.1|Wnk1-221|Wnk1|640|protein_coding|",14.2576009667521,7.3316514774765,1.88157471514742,3.89655080845518,9.75723455197687e-05,0.0171950628010012
"ENSMUST00000106469.8|ENSMUSG00000044702.14|OTTMUSG00000022651|OTTMUST00000054270.1|Palb2-204|Palb2|2559|protein_coding|",8.58657177167415,6.60427723048714,1.69742844471613,3.89075442387299,9.9933032753646e-05,0.0175673840506186
"ENSMUST00000115739.9|ENSMUSG00000039521.14|OTTMUSG00000016624|OTTMUST00000040221.1|Foxp3-203|Foxp3|3763|protein_coding|",8.58382538647709,6.60415161998528,1.69965916076303,3.88557410358703,0.000102088345689637,0.0179018484208828
"ENSMUST00000118163.8|ENSMUSG00000041268.18|OTTMUSG00000030270|OTTMUST00000074937.1|Dmxl2-201|Dmxl2|10614|protein_coding|",3992.19860425564,-0.911408713108851,0.234614739016106,-3.88470356521926,0.000102454818497285,0.0179217510163498
"ENSMUST00000254451.1|ENSMUSG00000122710.1|-|-|ENSMUST00000254451|ENSMUSG00000122710|1146|lncRNA|",7.07306768907764,6.32114775710857,1.62835260990881,3.88192810245355,0.000103631519789476,0.0180829344531173
"ENSMUST00000130572.2|ENSMUSG00000020173.18|OTTMUSG00000005168|OTTMUST00000011561.1|Cobl-204|Cobl|3463|retained_intron|",54.9342591180332,1.8250075431201,0.470616390655553,3.87790901327921,0.000105358103428089,0.0183390404895811
"ENSMUST00000063879.13|ENSMUSG00000052151.13|OTTMUSG00000035138|OTTMUST00000089467.1|Plpp2-201|Plpp2|1654|protein_coding|",957.196212227138,-1.02390893857383,0.264110647300297,-3.87681810271601,0.000105831417206264,0.0183762767660798
"ENSMUST00000134096.2|ENSMUSG00000012117.14|OTTMUSG00000009801|OTTMUST00000023338.1|Dhdds-207|Dhdds|2683|protein_coding_CDS_not_defined|",103.71690940656,-1.2484973121731,0.322679346207925,-3.86915780896806,0.000109211940893044,0.0189168966763492
"ENSMUST00000113675.8|ENSMUSG00000029994.18|OTTMUSG00000022166|OTTMUST00000052636.1|Anxa4-202|Anxa4|2030|protein_coding|",471.119805282831,-1.86489875133595,0.482200472749397,-3.86747599126712,0.000109967651270758,0.0189677731022212
"ENSMUST00000079924.8|ENSMUSG00000062202.15|OTTMUSG00000073267|OTTMUST00000177539.1|Btbd9-201|Btbd9|2007|protein_coding|",64.1809017533323,1.77605802651135,0.459248583670412,3.86731301883767,0.000110041143145685,0.0189677731022212
"ENSMUST00000159995.2|ENSMUSG00000033400.15|OTTMUSG00000034170|OTTMUST00000086641.1|Agl-204|Agl|1285|protein_coding|",123.043025216948,-0.970944831151826,0.251235310656368,-3.86468298829161,0.000111233573005774,0.0191267748689831
"ENSMUST00000041388.11|ENSMUSG00000037411.12|OTTMUSG00000054456|OTTMUST00000135048.1|Serpine1-201|Serpine1|3011|protein_coding|",2458.33500511806,-3.44979697574722,0.893144784812916,-3.86252826463051,0.000112219576762851,0.0192495973273303
"ENSMUST00000238935.2|ENSMUSG00000098112.9|OTTMUSG00000043210|OTTMUST00000181914.1|Bin2-208|Bin2|1671|protein_coding|",18.3563986844815,4.47552766822774,1.15905360054765,3.86136384556594,0.000112755841864165,0.0192948668140698
"ENSMUST00000063588.11|ENSMUSG00000030337.17|OTTMUSG00000022687|OTTMUST00000088110.1|Vamp1-202|Vamp1|1400|protein_coding|",7.65683844263798,-6.32337695952417,1.63915598279424,-3.85770300441135,0.00011445760610439,0.0194970126641912
"ENSMUST00000097929.4|ENSMUSG00000037541.23|OTTMUSG00000016451|OTTMUST00000146986.1|Shank2-201|Shank2|4418|protein_coding|",7.18975651020176,-6.23112374170833,1.61526874948268,-3.85763901128153,0.000114487568012867,0.0194970126641912
"ENSMUST00000364690.1|ENSMUSG00000120601.2|-|-|Gm30307-208|Gm30307|617|lncRNA|",7.91626405102472,6.48296485519563,1.68105239535973,3.85649184587631,0.000115025933213051,0.0195184140338988
"ENSMUST00000322789.1|ENSMUSG00000134173.1|-|-|ENSMUST00000322789|ENSMUSG00000134173|2670|lncRNA|",644.814450337888,-1.21237911176875,0.314458496899273,-3.85545031768405,0.000115516789991009,0.0195184140338988
"ENSMUST00000312902.1|ENSMUSG00000100616.3|OTTMUSG00000049756|-|Gm28076-246|Gm28076|763|lncRNA|",7.50590980637588,6.40415137772836,1.66149616426512,3.8544484877345,0.000115990801031441,0.0195184140338988
"ENSMUST00000035148.13|ENSMUSG00000032548.15|OTTMUSG00000048443|OTTMUST00000124161.1|Slco2a1-201|Slco2a1|7122|protein_coding|",697.572794921129,-0.988884415852113,0.256533310618349,-3.85479925966924,0.000115824626663352,0.0195184140338988
"ENSMUST00000137060.2|ENSMUSG00000051427.15|OTTMUSG00000005053|OTTMUST00000011259.1|Ccdc157-205|Ccdc157|3885|protein_coding_CDS_not_defined|",25.0161736817246,2.02540196340269,0.525431155918623,3.85474279663076,0.000115851360239962,0.0195184140338988
"ENSMUST00000139306.3|ENSMUSG00000038400.17|OTTMUSG00000016685|OTTMUST00000040407.1|Pmepa1-203|Pmepa1|992|protein_coding|",20.624975351349,2.05092751859964,0.532227027943322,3.85348246316053,0.000116449607642588,0.0195491848432027
"ENSMUST00000029456.5|ENSMUSG00000027863.9|OTTMUSG00000007104|OTTMUST00000016418.1|Cd2-201|Cd2|1153|protein_coding|",26.8325860373771,2.88784204872072,0.749649952648539,3.85225402671991,0.000117035517173558,0.0196010973490391
"ENSMUST00000112302.8|ENSMUSG00000031360.15|OTTMUSG00000019496|OTTMUST00000046558.1|Ctps2-205|Ctps2|3223|protein_coding|",104.67837924585,-1.48079493408278,0.384789734147699,-3.84832235029011,0.000118929494779016,0.0198713234153883
"ENSMUST00000094505.6|ENSMUSG00000056268.16|OTTMUSG00000033401|OTTMUST00000083856.1|Dennd1b-201|Dennd1b|8073|protein_coding|",572.296801654707,1.67402576604789,0.435244703033064,3.8461714855625,0.000119977807692691,0.0199993124898376
"ENSMUST00000097776.4|ENSMUSG00000001138.14|OTTMUSG00000021763|OTTMUST00000051654.1|Cnnm3-202|Cnnm3|5292|protein_coding|",51.8575906419354,-2.44880176910303,0.636883724135504,-3.84497464184219,0.000120564905713966,0.0200500004234747
"ENSMUST00000145258.3|ENSMUSG00000006576.17|OTTMUSG00000019426|OTTMUST00000082882.1|Slc4a3-208|Slc4a3|1850|nonsense_mediated_decay|",7.85725476183184,-6.35967250130176,1.65593394569744,-3.84053513597321,0.000122766398662481,0.0203641067856523
"ENSMUST00000180321.3|ENSMUSG00000094935.3|OTTMUSG00000065969|OTTMUST00000160410.1|Gm9726-201|Gm9726|678|processed_pseudogene|",10.0884185649428,-6.72263221144332,1.7506802712765,-3.84001140684674,0.000123028593871876,0.0203641067856523
"ENSMUST00000029905.2|ENSMUSG00000028240.3|OTTMUSG00000004315|OTTMUST00000009776.1|Cyp7a1-201|Cyp7a1|4172|protein_coding|",1278.8207205867,3.33558278681075,0.868780502725132,3.8393849497634,0.000123342911292989,0.0203685436075537
"ENSMUST00000165147.3|ENSMUSG00000066108.8|OTTMUSG00000047461|OTTMUST00000122520.1|Muc5b-201|Muc5b|14964|protein_coding|",37.0440121907684,-7.62616887789379,1.98878187468299,-3.83459291085373,0.000125772424743187,0.0207214457174567
"ENSMUST00000242868.2|ENSMUSG00000120149.2|-|-|Gm36180-202|Gm36180|1096|lncRNA|",91.6125287082393,-3.58701205215198,0.936168702858638,-3.83158723550451,0.000127319214425699,0.0209276158393834
"ENSMUST00000044484.13|ENSMUSG00000037369.18|OTTMUSG00000016960|OTTMUST00000041127.1|Kdm6a-201|Kdm6a|5918|protein_coding|",502.636486630665,-0.849467912736036,0.221818127751587,-3.82956939248603,0.000128367682649442,0.0210511113648543
"ENSMUST00000162525.8|ENSMUSG00000036955.17|OTTMUSG00000031220|OTTMUST00000081592.1|Kifbp-206|Kifbp|2311|protein_coding|",7.62622862627695,6.43277491207167,1.68009344224459,3.82881972533476,0.000128759277621464,0.0210665641196651
"ENSMUST00000043915.4|ENSMUSG00000041567.4|OTTMUSG00000027616|OTTMUST00000068349.1|Serpina12-201|Serpina12|3690|protein_coding|",566.64172795591,2.8449236875765,0.743317045314164,3.82733546272182,0.000129537918173987,0.0211451250578755
"ENSMUST00000151020.8|ENSMUSG00000000881.13|OTTMUSG00000016499|OTTMUST00000039845.1|Dlg3-208|Dlg3|3316|protein_coding_CDS_not_defined|",453.572415147022,-0.931843625406068,0.243613995009866,-3.82508248497107,0.000130728309432033,0.0212903824216159
"ENSMUST00000076803.12|ENSMUSG00000027244.15|OTTMUSG00000014308|OTTMUST00000033752.1|Atg13-202|Atg13|3551|protein_coding|",1374.02660849398,-1.78191873016948,0.465939372166825,-3.8243574950165,0.000131113554827808,0.0213041483445442
"ENSMUST00000053459.15|ENSMUSG00000021411.17|OTTMUSG00000027717|OTTMUST00000068592.1|Pxdc1-202|Pxdc1|2684|protein_coding|",213.22607651472,-1.49916407936632,0.392144165679689,-3.82299218137766,0.000131841961715247,0.0213246847848287
"ENSMUST00000229533.2|ENSMUSG00000056851.16|OTTMUSG00000071249|OTTMUST00000172490.1|Pcbp2-211|Pcbp2|674|protein_coding|",111.914617994628,-1.1773935517077,0.307965074894459,-3.82313985477476,0.000131762993130789,0.0213246847848287
"ENSMUST00000264984.1|ENSMUSG00000124611.1|-|-|ENSMUST00000264984|ENSMUSG00000124611|1546|lncRNA|",7.15878894658461,6.34051440826122,1.65876777483693,3.82242439505106,0.000132146001919409,0.0213251739407257
"ENSMUST00000130335.8|ENSMUSG00000040952.17|OTTMUSG00000022935|OTTMUST00000055160.1|Rps19-206|Rps19|395|retained_intron|",431.422080578534,-0.991733918742338,0.25970207695996,-3.81873695563568,0.000134136700401173,0.021597228189138
"ENSMUST00000090212.5|ENSMUSG00000071547.5|OTTMUSG00000069150|-|Nt5dc2-201|Nt5dc2|1407|protein_coding|",3385.68010396038,-1.0396025182974,0.272297381935246,-3.81789391770438,0.000134595773702004,0.0216220022497614
"ENSMUST00000010753.14|ENSMUSG00000010609.16|OTTMUSG00000021488|OTTMUST00000050925.1|Psen2-201|Psen2|2004|protein_coding|",577.360565186533,-1.96478248009209,0.514758986022239,-3.81689787540145,0.000135140072578538,0.021660324212113
"ENSMUST00000152667.2|ENSMUSG00000004071.14|OTTMUSG00000026631|OTTMUST00000065937.1|Cdip1-206|Cdip1|776|retained_intron|",7.48135345037825,6.39977176000894,1.67810635211998,3.8136866307216,0.000136909048627402,0.0218527836074822
"ENSMUST00000192511.2|ENSMUSG00000103472.2|OTTMUSG00000050812|OTTMUST00000128763.1|Pcdhga7-201|Pcdhga7|4730|protein_coding|",6.98143552706183,6.30290590356259,1.65274490537394,3.8135987490075,0.000136957765254956,0.0218527836074822
"ENSMUST00000132316.8|ENSMUSG00000022678.17|OTTMUSG00000027034|OTTMUST00000066826.1|Nde1-205|Nde1|2105|nonsense_mediated_decay|",17.9264927062924,-2.45053683018766,0.642995962048123,-3.81112320267458,0.000138336795304508,0.0220232178124777
"ENSMUST00000120595.8|ENSMUSG00000040811.16|OTTMUSG00000029191|OTTMUST00000072384.1|Eml2-203|Eml2|2255|protein_coding|",518.020365340333,-0.738054291727192,0.193828461855056,-3.8077704619,0.000140225338666302,0.0222239908109072
"ENSMUST00000259689.1|ENSMUSG00000120238.2|-|-|Gm57333-206|Gm57333|400|lncRNA|",63.7407296418241,2.00503864074107,0.526522848051935,3.80807527756763,0.000140052642650788,0.0222239908109072
"ENSMUST00000004208.7|ENSMUSG00000004105.9|OTTMUSG00000012579|OTTMUST00000029972.1|Angptl2-201|Angptl2|3339|protein_coding|",1482.771042546,-1.67623078724081,0.440845597169873,-3.80230810515478,0.000143354293541684,0.0226186894691917
"ENSMUST00000095144.10|ENSMUSG00000049225.16|OTTMUSG00000004573|OTTMUST00000010348.1|Pdp1-201|Pdp1|2506|protein_coding|",150.448351904498,1.01326317689437,0.266461909972051,3.80265673619411,0.000143152641855378,0.0226186894691917
"ENSMUST00000051929.13|ENSMUSG00000026739.14|OTTMUSG00000011429|-|Bmi1-202|Bmi1|2747|protein_coding|",557.545781869671,0.846534034888778,0.222785774179772,3.79976700938583,0.000144832189877148,0.0227794583429999
"ENSMUST00000123128.8|ENSMUSG00000034593.17|OTTMUSG00000016492|OTTMUST00000039803.1|Myo5a-201|Myo5a|11702|protein_coding|",715.357041339551,1.60258653847594,0.42179411127629,3.79945213940217,0.000145016313487281,0.0227794583429999
"ENSMUST00000321149.1|ENSMUSG00000133849.1|-|-|ENSMUST00000321149|ENSMUSG00000133849|1768|lncRNA|",638.336447512711,-1.1711088450347,0.308605432395261,-3.79484196355541,0.000147737529774625,0.0231555698215786
"ENSMUST00000218646.2|ENSMUSG00000033318.8|OTTMUSG00000065091|OTTMUST00000158626.1|Gstt2-204|Gstt2|632|retained_intron|",152.730077607616,-2.43216085279691,0.641239381032253,-3.79290624490603,0.000148894383842592,0.0232853724700763
"ENSMUST00000230150.2|ENSMUSG00000013846.11|OTTMUSG00000070607|OTTMUST00000170633.1|St3gal1-205|St3gal1|350|protein_coding_CDS_not_defined|",75.2410958504507,-3.28140803233789,0.866154283388091,-3.78847983006235,0.000151571895707356,0.0236518929063699
"ENSMUST00000024044.7|ENSMUSG00000023274.15|OTTMUSG00000023420|OTTMUST00000056904.1|Cd4-201|Cd4|3108|protein_coding|",269.273918700527,1.64636948600552,0.434985255217151,3.78488573177872,0.000153779219876352,0.0239435935229017
"ENSMUST00000056925.16|ENSMUSG00000048126.17|OTTMUSG00000022359|-|Col6a3-201|Col6a3|10106|protein_coding|",435.864553614358,0.718837170217622,0.190010412962113,3.78314619189293,0.000154858395945134,0.0240587460577567
"ENSMUST00000244000.2|ENSMUSG00000108961.4|OTTMUSG00000059093|-|Gm32540-205|Gm32540|2527|lncRNA|",277.867220320563,-2.47557121894824,0.654643517061874,-3.78155615144396,0.000155851057593936,0.0241599832039054
"ENSMUST00000136631.2|ENSMUSG00000001520.13|OTTMUSG00000026982|OTTMUST00000066689.1|Nrip2-204|Nrip2|3261|retained_intron|",329.884483016272,-1.79346620012114,0.474514440669077,-3.77958191871317,0.000157091905328206,0.0241935194371118
"ENSMUST00000221538.2|ENSMUSG00000113725.2|OTTMUSG00000066031|OTTMUST00000160521.1|Gm48358-201|Gm48358|1468|TEC|",39.069384989221,-2.10214607167829,0.556121315778636,-3.7800134827327,0.000156819866565844,0.0241935194371118
"ENSMUST00000069298.13|ENSMUSG00000025188.16|OTTMUSG00000032530|OTTMUST00000080947.1|Hps1-202|Hps1|3196|protein_coding|",35.7939777249597,1.54554109479147,0.408854359101885,3.780175166009,0.00015671806283754,0.0241935194371118
"ENSMUST00000037353.10|ENSMUSG00000034457.11|OTTMUSG00000018046|OTTMUST00000043555.1|Eda2r-201|Eda2r|4752|protein_coding|",206.296998818809,2.31922955577015,0.613736299133767,3.77886978339644,0.000157541775095703,0.0242101724834707
"ENSMUST00000039721.14|ENSMUSG00000036083.16|OTTMUSG00000000574|-|Slc17a3-201|Slc17a3|4276|protein_coding|",101.641775118729,2.87370273736297,0.760640992768026,3.77800140235062,0.000158091989038754,0.0242421404144189
"ENSMUST00000244355.2|ENSMUSG00000114247.4|OTTMUSG00000068570|-|Gm32063-208|Gm32063|1746|lncRNA|",294.457790589188,-0.690311765424966,0.182769896974735,-3.77694454530655,0.000158764062895086,0.0242926161376662
"ENSMUST00000210792.2|ENSMUSG00000074129.15|OTTMUSG00000016498|OTTMUST00000039838.1|Rpl13a-213|Rpl13a|464|retained_intron|",9763.18454596571,-0.446408890579841,0.118301450933167,-3.77348618346224,0.000160982138617555,0.024560695691912
"ENSMUST00000021794.14|ENSMUSG00000021365.16|OTTMUSG00000068550|OTTMUST00000165713.1|Nedd9-201|Nedd9|4871|protein_coding|",184.590070487012,1.32285498398712,0.350598438102289,3.7731342762034,0.000161209467234192,0.024560695691912
"ENSMUST00000207429.2|ENSMUSG00000037533.21|OTTMUSG00000005672|OTTMUST00000144727.1|Rapgef6-210|Rapgef6|5164|protein_coding|",101.77052764665,-1.47087517636381,0.390101183931291,-3.77049657102009,0.000162923041248411,0.0247684977128808
"ENSMUST00000236643.2|ENSMUSG00000073421.7|OTTMUSG00000037120|OTTMUST00000177989.1|H2-Ab1-205|H2-Ab1|1169|retained_intron|",16.1323562486078,3.34912698379918,0.888685546187396,3.76862997059812,0.000164146009672469,0.024900984816352
"ENSMUST00000199300.5|ENSMUSG00000053819.17|OTTMUSG00000023550|OTTMUST00000057430.1|Camk2d-226|Camk2d|5524|protein_coding|",50.3500233092396,1.88216677618848,0.499672719137061,3.76679915493286,0.00016535391876518,0.0249772559083164
"ENSMUST00000022580.8|ENSMUSG00000022003.8|OTTMUSG00000069437|OTTMUST00000167878.1|Slc25a30-201|Slc25a30|3588|protein_coding|",711.448686158717,-1.11158955851719,0.295061759555982,-3.76731149502378,0.000165015054440699,0.0249772559083164
"ENSMUST00000021324.3|ENSMUSG00000020941.8|OTTMUSG00000003049|OTTMUST00000006259.1|Map3k14-201|Map3k14|4246|protein_coding|",261.076206420598,1.19278656138559,0.317044887217572,3.76220090427459,0.000168424666928592,0.0253869725614664
"ENSMUST00000212757.2|ENSMUSG00000031833.11|OTTMUSG00000061547|OTTMUST00000150141.1|Mast3-210|Mast3|530|protein_coding|",16.8460139789247,-3.67867029136102,0.978201544925179,-3.76064657681807,0.000169474733874511,0.0254370085733175
"ENSMUST00000023686.15|ENSMUSG00000022964.15|OTTMUSG00000019970|OTTMUST00000047595.1|Tmem50b-201|Tmem50b|2347|protein_coding|",109.133556346987,1.3292357725972,0.353416924942135,3.76109823493834,0.000169168971289767,0.0254370085733175
"ENSMUST00000143436.8|ENSMUSG00000029127.16|OTTMUSG00000023309|OTTMUST00000056456.1|Zbtb49-210|Zbtb49|1654|nonsense_mediated_decay|",8.09918181980906,-6.40439173680057,1.70381515644567,-3.75885360132654,0.000170693674138587,0.0255657984158013
"ENSMUST00000165125.8|ENSMUSG00000026411.18|OTTMUSG00000029663|OTTMUST00000126939.1|Tmem9-205|Tmem9|901|protein_coding|",32.1464240673043,-3.07207781714786,0.817470451285919,-3.75802918908609,0.000171256907553797,0.0255680125572755
"ENSMUST00000032217.2|ENSMUSG00000030124.3|OTTMUSG00000024400|OTTMUST00000059814.1|Lag3-201|Lag3|2001|protein_coding|",33.9005884497229,1.89276238817786,0.503833210772022,3.75672414543214,0.000172152080484168,0.0255680125572755
"ENSMUST00000206750.2|ENSMUSG00000054499.10|OTTMUSG00000058243|OTTMUST00000143055.1|Dedd2-204|Dedd2|4594|protein_coding_CDS_not_defined|",559.677884045126,-1.07711640364573,0.286658813928371,-3.75748573324828,0.00017162914873003,0.0255680125572755
"ENSMUST00000129085.8|ENSMUSG00000042105.19|OTTMUSG00000029375|OTTMUST00000072800.1|Inpp5f-204|Inpp5f|3126|retained_intron|",223.371580050369,0.754410448891213,0.200811613509214,3.75680686842646,0.000172095207638321,0.0255680125572755
"ENSMUST00000023677.10|ENSMUSG00000022956.12|OTTMUSG00000026954|OTTMUST00000062785.1|Atp5po-201|Atp5po|838|protein_coding|",8469.52444450258,-0.587937429988979,0.156572687498002,-3.75504463379977,0.000173310590544574,0.0256862248463175
"ENSMUST00000259095.1|ENSMUSG00000123586.1|-|-|ENSMUST00000259095|ENSMUSG00000123586|519|lncRNA|",10.0814264827965,-5.73697014462325,1.53024961391422,-3.74904204677346,0.000177511325475541,0.0262538879791007
"ENSMUST00000175798.2|ENSMUSG00000017478.16|OTTMUSG00000042176|OTTMUST00000110719.1|Zc3h18-203|Zc3h18|375|retained_intron|",7.18719622084953,6.33735408354583,1.69083185366509,3.74806878035142,0.000178201392311732,0.0263010404936091
"ENSMUST00000037998.6|ENSMUSG00000041779.6|OTTMUSG00000026556|OTTMUST00000065709.1|Tram2-201|Tram2|6492|protein_coding|",918.966536655134,-1.21721793285294,0.324941082147977,-3.74596503712825,0.000179701619745348,0.0264673213081901
"ENSMUST00000164822.8|ENSMUSG00000022106.15|OTTMUSG00000036135|OTTMUST00000092884.1|Rcbtb2-209|Rcbtb2|3531|protein_coding|",131.711481355145,2.1139407299239,0.564590668200745,3.74420062000081,0.000180969014369155,0.0265986905683992
"ENSMUST00000242749.1|ENSMUSG00000090386.13|OTTMUSG00000043459|-|Mir99ahg-241|Mir99ahg|1712|lncRNA|",13.8031232379083,7.28762980440942,1.95153652279206,3.73430357018531,0.000188235338253603,0.0276094084953172
"ENSMUST00000221869.3|ENSMUSG00000112964.4|OTTMUSG00000067548|OTTMUST00000163479.1|E430024I08Rik-204|E430024I08Rik|1208|lncRNA|",24.2067711778635,-1.98492997788551,0.53195131745562,-3.73141284315197,0.000190408887162003,0.0278705107481507
"ENSMUST00000182575.9|ENSMUSG00000029673.20|OTTMUSG00000034923|OTTMUST00000114453.1|Auts2-212|Auts2|6179|protein_coding|",11.5747857315497,7.03283053867677,1.88518868935603,3.73057115098603,0.000191046179204123,0.0279061350918287
"ENSMUST00000005507.10|ENSMUSG00000005373.14|OTTMUSG00000025974|OTTMUST00000064065.1|Mlxipl-201|Mlxipl|3622|protein_coding|",1054.95038092663,0.930285459541225,0.249670478616934,3.72605309484166,0.000194501450926711,0.0283321753848967
"ENSMUST00000114816.8|ENSMUSG00000079592.10|OTTMUSG00000020632|OTTMUST00000048877.1|C1qtnf5-202|C1qtnf5|1259|protein_coding|",9.86242815179551,6.80270377926286,1.82587895172734,3.7257145512452,0.000194762709791157,0.0283321753848967
"ENSMUST00000154124.2|ENSMUSG00000018774.14|OTTMUSG00000006002|OTTMUST00000013439.1|Cd68-203|Cd68|612|protein_coding_CDS_not_defined|",41.3851396180546,2.56801465970379,0.689520188770401,3.72435020979335,0.000195818937363718,0.0283866960425156
"ENSMUST00000036765.8|ENSMUSG00000090264.2|OTTMUSG00000033201|OTTMUST00000083114.1|Eif4ebp3-201|Eif4ebp3|744|protein_coding|",482.612114951239,-3.36004963681306,0.902221553007618,-3.72419570959272,0.000195938884941423,0.0283866960425156
"ENSMUST00000152420.8|ENSMUSG00000074063.11|OTTMUSG00000027525|OTTMUST00000068136.1|Osgin1-206|Osgin1|2005|protein_coding|",730.996932059938,-1.71534753165145,0.460703123040096,-3.72332516509153,0.00019661603121743,0.0284266655419747
"ENSMUST00000150643.8|ENSMUSG00000026888.15|OTTMUSG00000012835|OTTMUST00000030793.1|Grb14-207|Grb14|656|protein_coding|",7.47518173605975,-6.28999189000389,1.69000662649318,-3.72187409883464,0.000197749621322079,0.0285323302911229
"ENSMUST00000140096.2|ENSMUSG00000016552.14|OTTMUSG00000028122|OTTMUST00000069644.1|Foxred2-204|Foxred2|3177|retained_intron|",7.0124287467945,-6.19555925272954,1.66511235130668,-3.72080553475423,0.000198588319219346,0.0285951034284052
"ENSMUST00000160271.8|ENSMUSG00000028559.18|OTTMUSG00000008293|OTTMUST00000087174.1|Osbpl9-213|Osbpl9|2604|protein_coding|",980.552971049972,-1.01539316239937,0.273218553328825,-3.71641365503212,0.000202070653693024,0.0290375119477254
"ENSMUST00000212357.2|ENSMUSG00000036672.6|OTTMUSG00000062059|OTTMUST00000151514.1|Cenpt-203|Cenpt|3281|retained_intron|",238.888851707892,-0.965501344086336,0.259866059310135,-3.71538071054546,0.000202897970157096,0.0290385935309279
"ENSMUST00000020399.6|ENSMUSG00000020183.12|OTTMUSG00000031908|OTTMUST00000079112.1|Cpm-201|Cpm|5195|protein_coding|",1542.09753918602,-2.53226248294394,0.681522542681305,-3.7155960725544,0.000202725218106669,0.0290385935309279
"ENSMUST00000117814.8|ENSMUSG00000026270.12|OTTMUSG00000026368|OTTMUST00000065211.1|Capn10-202|Capn10|1268|protein_coding|",349.863158023242,-0.895944699887453,0.241259984466584,-3.71360672126524,0.000204326241215655,0.0291840488562134
"ENSMUST00000237310.2|ENSMUSG00000025036.8|OTTMUSG00000074236|OTTMUST00000180150.1|Sfxn2-204|Sfxn2|5253|retained_intron|",942.297183061058,-0.747133856540837,0.201276800786293,-3.71197203861617,0.000205650710113139,0.0293141225498093
"ENSMUST00000171405.2|ENSMUSG00000036155.14|OTTMUSG00000049295|-|Mgat5-202|Mgat5|3216|protein_coding|",166.980223475827,1.25041102950711,0.336940088129913,3.71107824078502,0.000206378297804849,0.0293587633126239
"ENSMUST00000049324.13|ENSMUSG00000042817.16|OTTMUSG00000020408|OTTMUST00000048424.1|Flt3-201|Flt3|3657|protein_coding|",22.6215217436864,2.69900357467894,0.728722941837324,3.70374448192061,0.000212440245657421,0.0301605546359806
"ENSMUST00000205233.2|ENSMUSG00000078817.5|OTTMUSG00000057710|OTTMUST00000141768.1|Nlrp12-202|Nlrp12|2742|retained_intron|",51.4938005716984,-7.24574885368984,1.95711289336427,-3.7022641250063,0.000213683991750672,0.0302620821298366
"ENSMUST00000181112.3|ENSMUSG00000097217.4|OTTMUSG00000071260|OTTMUST00000172521.1|Gm26549-201|Gm26549|1207|lncRNA|",7.14924303653153,-6.22514194517754,1.68161735632411,-3.70187779150023,0.000214009699438882,0.0302620821298366
"ENSMUST00000237066.2|ENSMUSG00000042834.16|OTTMUSG00000073220|OTTMUST00000177374.1|Nrep-204|Nrep|843|protein_coding|",51.5096861384826,1.57266467831253,0.425013383561724,3.70027095413605,0.000215369390363804,0.0303936834480743
"ENSMUST00000036372.8|ENSMUSG00000032640.11|OTTMUSG00000029829|OTTMUST00000074032.1|Chsy1-201|Chsy1|4176|protein_coding|",522.958234576323,0.873250709847796,0.236047209827945,3.69947482321147,0.00021604607017982,0.0304285642064
"ENSMUST00000134042.4|ENSMUSG00000036322.14|OTTMUSG00000020170|OTTMUST00000047926.1|H2-Ea-201|H2-Ea|1042|protein_coding_LoF|",39.8713091351223,3.39991445920912,0.919853367998735,3.69614829655523,0.00021889514215114,0.0307686655764988
"ENSMUST00000033994.15|ENSMUSG00000031586.18|OTTMUSG00000043555|OTTMUST00000114339.1|Rbpms-201|Rbpms|2375|protein_coding|",83.5294081158532,-1.58193188779303,0.428124296749021,-3.69502945711209,0.000219861296138591,0.03084327458147
"ENSMUST00000239298.2|ENSMUSG00000061175.13|OTTMUSG00000030602|OTTMUST00000182212.1|Fnip2-207|Fnip2|2189|protein_coding|",103.916864132169,1.51544424722121,0.41040708252715,3.6925392171344,0.000222026089498699,0.0310240952355934
"ENSMUST00000241609.2|ENSMUSG00000120149.2|-|-|Gm36180-201|Gm36180|1182|lncRNA|",48.7356292230656,-2.61492134912064,0.708106620424961,-3.69283561782169,0.000221767379948864,0.0310240952355934
"ENSMUST00000126765.2|ENSMUSG00000062729.13|OTTMUSG00000021555|OTTMUST00000051135.1|Ppox-202|Ppox|650|retained_intron|",26.2835151487761,1.83390987845029,0.497249721607938,3.68810639555522,0.000225929182658778,0.0315073366462174
"ENSMUST00000136955.2|ENSMUSG00000023707.14|OTTMUSG00000028870|OTTMUST00000071507.1|Ogfod2-205|Ogfod2|878|retained_intron|",8.35731303005861,6.56317074165493,1.7807844615834,3.6855503196716,0.000228208985371465,0.031762745303843
"ENSMUST00000165640.8|ENSMUSG00000037007.18|OTTMUSG00000022637|-|Zfp113-204|Zfp113|1320|protein_coding|",74.8286461718792,-1.50640446419729,0.408885311103352,-3.68417358924523,0.000229445841203018,0.0318722768121306
"ENSMUST00000150780.2|ENSMUSG00000056938.18|OTTMUSG00000003297|OTTMUST00000006894.1|Acbd4-212|Acbd4|971|retained_intron|",140.962361012984,-1.12237530064992,0.304751219341055,-3.68292308420214,0.000230574746133693,0.0319664135324762
"ENSMUST00000182604.8|ENSMUSG00000047417.19|OTTMUSG00000043566|OTTMUST00000114365.1|Rexo1-203|Rexo1|1914|protein_coding|",8.03528815620616,-6.39324856910689,1.73680476979741,-3.68104042566203,0.000232284169077791,0.0321405071760684
"ENSMUST00000112528.8|ENSMUSG00000023284.16|OTTMUSG00000022595|OTTMUST00000054122.1|Zfp605-202|Zfp605|3158|protein_coding|",265.560894976245,1.10711225171399,0.300980544809568,3.67835154399918,0.000234746262080132,0.0323547941455348
"ENSMUST00000082059.7|ENSMUSG00000018166.9|OTTMUSG00000029881|OTTMUST00000074150.1|Erbb3-201|Erbb3|6016|protein_coding|",5364.716935422,-0.718718189110474,0.195370630688932,-3.67874222740681,0.000234387015881418,0.0323547941455348
"ENSMUST00000165549.8|ENSMUSG00000026029.15|OTTMUSG00000047216|OTTMUST00000122093.1|Casp8-202|Casp8|1917|protein_coding|",390.074166649127,1.13396480768343,0.308599068340314,3.67455680855435,0.000238262629514554,0.032728280761985
"ENSMUST00000295497.1|ENSMUSG00000129746.1|-|-|ENSMUST00000295497|ENSMUSG00000129746|670|lncRNA|",95.8109086767649,1.09765145727253,0.29872691623423,3.67443105264697,0.000238380002162275,0.032728280761985
"ENSMUST00020183295.1|ENSMUSG00002076696.1|-|-|Gm54507-201|Gm54507|141|snoRNA|",220.435494287374,-1.1299930417708,0.30766331858648,-3.67282341932218,0.000239885253446264,0.032871239642451
"ENSMUST00000226431.2|ENSMUSG00000021832.9|OTTMUSG00000069492|OTTMUST00000168022.1|Psmc6-202|Psmc6|812|protein_coding_CDS_not_defined|",9.06100099111895,-6.56803671903873,1.78899737263992,-3.67135067914977,0.000241272024600589,0.03299744268495
"ENSMUST00000113093.5|ENSMUSG00000029417.10|OTTMUSG00000055603|OTTMUST00000137614.1|Cxcl9-201|Cxcl9|2889|protein_coding|",110.060262701444,4.18700013816518,1.14154369270095,3.66784045581165,0.000244607730018046,0.0332892909362452
"ENSMUST00000086829.11|ENSMUSG00000003452.16|OTTMUSG00000026191|OTTMUST00000064712.1|Bicd1-202|Bicd1|9667|protein_coding|",51.8635401633132,2.71544249561727,0.740263553658248,3.66821043964416,0.000244254111760226,0.0332892909362452
"ENSMUST00000123599.8|ENSMUSG00000021460.18|OTTMUSG00000026355|OTTMUST00000065175.1|Auh-205|Auh|659|protein_coding|",7.31138558169012,6.36584839012245,1.73568770602266,3.66762313752272,0.000244815659445877,0.0332892909362452
"ENSMUST00000205859.2|ENSMUSG00000108521.2|OTTMUSG00000058558|OTTMUST00000143792.1|Gm44639-201|Gm44639|3009|TEC|",208.927469850344,-1.17048791797923,0.319504997449649,-3.66344165919875,0.000248848915302886,0.0337728976163174
"ENSMUST00000090178.10|ENSMUSG00000074212.8|OTTMUSG00000022248|OTTMUST00000052952.1|Dnajb14-201|Dnajb14|9477|protein_coding|",1462.96027185052,0.532081803698308,0.145297598566307,3.66201374935659,0.000250240425443429,0.0338968120461076
"ENSMUST00000216826.2|ENSMUSG00000002820.7|OTTMUSG00000063268|OTTMUST00000154099.1|Atg4d-203|Atg4d|2123|retained_intron|",576.012958795251,-0.653564743739792,0.178515143385517,-3.66111653804277,0.000251118495256665,0.0339508371716854
"ENSMUST00000054483.14|ENSMUSG00000046688.15|OTTMUSG00000036830|OTTMUST00000094565.1|Tifa-201|Tifa|2245|protein_coding|",56.4554979753954,1.66186671190715,0.454053238653757,3.66007016453509,0.000252146194987865,0.0340248476908958
"ENSMUST00000086013.5|ENSMUSG00000121793.1|-|OTTMUST00000146000.1|ENSMUST00000086013|ENSMUSG00000121793|653|lncRNA|",4695.55545250568,-0.370260573100991,0.101211886974008,-3.65827161384786,0.000253921870578394,0.0341993174890794
"ENSMUST00000211748.2|ENSMUSG00000059824.13|OTTMUSG00000023187|OTTMUST00000056097.1|Dbp-205|Dbp|1732|retained_intron|",41.2229111118134,1.7141103054324,0.468887906071446,3.65569314805747,0.000256488008088182,0.0344793860436417
"ENSMUST00000195656.6|ENSMUSG00000015314.11|OTTMUSG00000050091|OTTMUST00000127385.1|Slamf6-207|Slamf6|5729|protein_coding|",11.8320947304987,2.8465090801591,0.779274100347998,3.65277003160755,0.000259426552594563,0.0348083611591083
"ENSMUST00000135953.2|ENSMUSG00000078683.10|OTTMUSG00000007426|OTTMUST00000017309.1|Mup1-204|Mup1|729|protein_coding|",264.840815125359,5.5711522560349,1.5262972043052,3.65010971671863,0.000262128318183,0.0348409354096744
"ENSMUST00000067354.10|ENSMUSG00000048489.13|OTTMUSG00000057159|OTTMUST00000140755.1|Depp1-201|Depp1|1339|protein_coding|",1149.07667189927,-3.11754950143042,0.853985599598469,-3.65058790557621,0.00026164074198771,0.0348409354096744
"ENSMUST00000111932.8|ENSMUSG00000032641.19|OTTMUSG00000024355|OTTMUST00000059659.1|Gpr19-203|Gpr19|1711|protein_coding|",7.93163260130446,6.48891693159293,1.77725687991613,3.65108556051792,0.000261134220586151,0.0348409354096744
"ENSMUST00000017981.10|ENSMUSG00000017837.13|OTTMUSG00000002025|OTTMUST00000004105.1|Nkiras2-201|Nkiras2|2097|protein_coding|",915.252932501388,-0.87934622531681,0.240798700041639,-3.65178975287139,0.000260419052751458,0.0348409354096744
"ENSMUST00000033578.7|ENSMUSG00000031227.9|OTTMUSG00000018098|OTTMUST00000043687.1|Magee1-201|Magee1|3550|protein_coding|",67.7652363822167,1.18089375842075,0.323451087596918,3.65091911483188,0.00026130352933289,0.0348409354096744
"ENSMUST00000059042.15|ENSMUSG00000060261.17|OTTMUSG00000036983|OTTMUST00000095068.1|Gtf2i-201|Gtf2i|4455|protein_coding|",175.591279260203,-0.816627583782783,0.223910290906646,-3.64711948019958,0.000265196627678679,0.0351174288262129
"ENSMUST00000001713.10|ENSMUSG00000001663.11|OTTMUSG00000026319|OTTMUST00000065097.1|Gstt1-201|Gstt1|1037|protein_coding|",3520.25372018851,-1.14848162253588,0.314901291061619,-3.6471162714641,0.000265199938202585,0.0351174288262129
"ENSMUST00000110079.9|ENSMUSG00000039033.12|OTTMUSG00000015577|OTTMUST00000037007.1|Tasp1-203|Tasp1|2258|protein_coding|",295.055562333593,-0.583088100226805,0.159948399313888,-3.64547630815945,0.000266897004162452,0.0352762152292626
"ENSMUST00000244819.1|ENSMUSG00000086390.10|OTTMUSG00000029954|-|1810019D21Rik-219|1810019D21Rik|1956|lncRNA|",47.3655440513046,9.06560177489393,2.48908402897993,3.64214372409483,0.000270377037555222,0.0356696291407117
"ENSMUST00000113142.10|ENSMUSG00000090165.9|OTTMUSG00000020817|OTTMUST00000049225.1|Ugt1a10-201|Ugt1a10|2244|protein_coding|",54.9796228663066,1.66285316515221,0.456816858941595,3.64008712157624,0.000272545808633604,0.0358889131353886
"ENSMUST00000046673.11|ENSMUSG00000052062.15|OTTMUSG00000002383|OTTMUST00000004897.1|Pard3b-201|Pard3b|3426|protein_coding|",203.184602009081,1.44416712562069,0.396937365228929,3.63827457963747,0.000274470714790218,0.0360408938442938
"ENSMUST00000111996.8|ENSMUSG00000018770.10|OTTMUSG00000013287|OTTMUST00000032109.1|Atp5mc3-202|Atp5mc3|723|protein_coding|",1873.53990316223,-0.569589137107297,0.15658111115238,-3.63766186684541,0.000275124287650176,0.0360408938442938
"ENSMUST00000227096.2|ENSMUSG00000071547.5|OTTMUSG00000069150|OTTMUST00000167307.1|Nt5dc2-204|Nt5dc2|1848|protein_coding|",2413.90956776928,-1.05921539920486,0.291187916136319,-3.63756646655967,0.000275226181042332,0.0360408938442938
"ENSMUST00000162704.2|ENSMUSG00000019952.16|OTTMUSG00000032479|OTTMUST00000080796.1|Poc1b-205|Poc1b|669|protein_coding_CDS_not_defined|",12.7568844900144,-7.06104371219143,1.94153291486884,-3.6368395601825,0.000276003724086581,0.0360760292051471
"ENSMUST00000090302.6|ENSMUSG00000040640.12|OTTMUSG00000060924|OTTMUST00000148910.1|Erc2-201|Erc2|6083|protein_coding|",101.83217335938,1.82327223149014,0.501434828672051,3.63611007300533,0.000276786096955804,0.0361116652904917
"ENSMUST00000032779.12|ENSMUSG00000030560.18|OTTMUSG00000031137|OTTMUST00000077133.1|Ctsc-201|Ctsc|2493|protein_coding|",1466.73692068729,0.942684124294867,0.259303493608152,3.63544706312136,0.000277498975563444,0.036138120266207
"ENSMUST00000234326.2|ENSMUSG00000052712.18|OTTMUSG00000028957|OTTMUST00000176489.1|BC004004-211|BC004004|1312|protein_coding|",26.5965215017181,-2.76359148330056,0.761648555248242,-3.62843395980686,0.000285145668597563,0.0370657976993133
"ENSMUST00000092298.6|ENSMUSG00000039238.7|OTTMUSG00000004675|OTTMUST00000010542.1|Zfp750-201|Zfp750|3232|protein_coding|",374.687448461267,0.959173615133898,0.264588985539926,3.62514566952432,0.000288798618307077,0.0374718851929424
"ENSMUST00000107094.2|ENSMUSG00000052684.6|OTTMUSG00000008035|OTTMUST00000018173.1|Jun-201|Jun|3189|protein_coding|",2065.9434884256,-1.01755784160579,0.280778162778656,-3.62406332292996,0.000290010551904331,0.0375603428502932
"ENSMUST00000052503.8|ENSMUSG00000043931.11|OTTMUSG00000026927|OTTMUST00000066579.1|Gimap7-201|Gimap7|1269|protein_coding|",34.4789788904628,3.00384952359623,0.829236638821871,3.6224274024649,0.00029185138349519,0.0377297799495132
"ENSMUST00000020769.14|ENSMUSG00000020476.15|OTTMUSG00000005097|OTTMUST00000011398.1|Dbnl-201|Dbnl|1638|protein_coding|",176.338540015199,1.06028904427722,0.29276014199065,3.62169876359426,0.000292674808056993,0.0377673116611833
"ENSMUST00000070518.4|ENSMUSG00000004612.10|OTTMUSG00000058528|OTTMUST00000143706.1|Nkg7-201|Nkg7|881|protein_coding|",26.2999569135159,2.61653669203484,0.722575473272387,3.62112580459604,0.000293323828869111,0.0377822424225515
"ENSMUST00000052258.14|ENSMUSG00000029596.14|OTTMUSG00000025284|OTTMUST00000062229.1|Sdsl-202|Sdsl|1225|protein_coding|",442.918667961203,-0.989999020616319,0.273864625181243,-3.61492113105568,0.000300439070685298,0.0386285036726484
"ENSMUST00000030464.14|ENSMUSG00000028698.14|OTTMUSG00000009411|OTTMUST00000021439.1|Pik3r3-201|Pik3r3|5257|protein_coding|",108.680674052297,1.24850338679134,0.345604717959792,3.61251835380498,0.000303237635990587,0.0389176939929658
"ENSMUST00000204097.3|ENSMUSG00000054920.13|OTTMUSG00000022023|OTTMUST00000052282.1|Klhl5-204|Klhl5|3149|protein_coding|",458.233231768052,0.890852088403804,0.246706292082999,3.61098243941056,0.000305039317763395,0.0390075910246028
"ENSMUST00000129825.2|ENSMUSG00000043740.16|OTTMUSG00000028420|OTTMUST00000070420.1|Trem6l-203|Trem6l|994|nonsense_mediated_decay|",6.52537385908859,6.20215439262183,1.71750732031073,3.61113709343594,0.00030485745030927,0.0390075910246028
"ENSMUST00000144493.2|ENSMUSG00000022884.17|OTTMUSG00000025917|OTTMUST00000063892.1|Eif4a2-215|Eif4a2|770|retained_intron|",166.952275189339,-1.20108708133978,0.332683030684987,-3.61030461597865,0.000305837612316756,0.0390392068594023
"ENSMUST00000200583.2|ENSMUSG00000028187.11|OTTMUSG00000055332|OTTMUST00000136965.1|Rpf1-205|Rpf1|813|retained_intron|",39.5838551646589,-1.85716409186646,0.515405045791704,-3.60330987643651,0.000314190585327876,0.0399642437002125
"ENSMUST00000046426.10|ENSMUSG00000032741.10|OTTMUSG00000056260|OTTMUST00000139033.1|Tpcn1-201|Tpcn1|4712|protein_coding|",2699.48195606473,-0.457870210145925,0.127079203932346,-3.60303020460911,0.000314528963345434,0.0399642437002125
"ENSMUST00000095691.7|ENSMUSG00000038594.10|OTTMUSG00000064643|OTTMUST00000157526.1|Cep85l-201|Cep85l|2560|protein_coding|",663.005862611699,-0.929495341973903,0.257990660827277,-3.60282554024773,0.000314776805159485,0.0399642437002125
"ENSMUST00000174875.2|ENSMUSG00000073421.7|OTTMUSG00000037120|OTTMUST00000095575.1|H2-Ab1-203|H2-Ab1|515|retained_intron|",12.6758407799967,4.64910973647372,1.2907293743398,3.60192448463623,0.000315870129780468,0.0400313121183675
"ENSMUST00000231973.2|ENSMUSG00000022864.15|OTTMUSG00000019868|OTTMUST00000173589.1|D16Ertd472e-205|D16Ertd472e|5687|protein_coding|",51.1493284220568,-9.06138615378372,2.51632094122635,-3.60104548085491,0.000316940121801838,0.0400951892659454
"ENSMUST00000050011.10|ENSMUSG00000079362.6|OTTMUSG00000053879|OTTMUST00000134062.1|Gm43302-201|Gm43302|4310|protein_coding|",262.028818331322,2.70172595287523,0.7503647368327,3.60055026610026,0.00031754442913729,0.0401000312616794
"ENSMUST00000102811.10|ENSMUSG00000038900.18|OTTMUSG00000012575|OTTMUST00000029955.1|Rpl12-201|Rpl12|729|nonsense_mediated_decay|",195.888625960284,-1.77658837812174,0.493836725575372,-3.59752178425335,0.00032126359641191,0.0401591045599034
"ENSMUST00000169079.8|ENSMUSG00000027550.15|OTTMUSG00000035907|OTTMUST00000092085.1|Lrrcc1-206|Lrrcc1|5638|protein_coding|",84.479786032523,1.13846986838187,0.316323375342232,3.59906967719395,0.000319357621487154,0.0401591045599034
"ENSMUST00000176988.8|ENSMUSG00000093445.8|OTTMUSG00000040073|OTTMUST00000104089.1|Lrch4-207|Lrch4|891|retained_intron|",21.9344201552205,1.95239190279141,0.542516978442782,3.59876645408494,0.000319730155080959,0.0401591045599034
"ENSMUST00000118186.2|ENSMUSG00000002031.14|OTTMUSG00000026615|OTTMUST00000065862.1|Ift46-202|Ift46|1317|protein_coding|",319.895693479733,-0.700556036955804,0.194739518739191,-3.59740047367601,0.000321413419421055,0.0401591045599034
"ENSMUST00000034911.7|ENSMUSG00000032357.13|OTTMUSG00000044835|OTTMUST00000117828.1|Tinag-201|Tinag|1726|protein_coding|",109.767058291307,3.89180926027652,1.08137417960452,3.5989478329322,0.000319507267951886,0.0401591045599034
"ENSMUST00000017783.13|ENSMUSG00000017639.14|OTTMUSG00000000184|OTTMUST00000000553.1|Rab11fip4-201|Rab11fip4|7156|protein_coding|",1397.82185059994,-1.31938460948705,0.366734791997353,-3.59765323137536,0.000321101328190542,0.0401591045599034
"ENSMUST00000070085.7|ENSMUSG00000056145.7|OTTMUSG00000043281|OTTMUST00000113548.1|AI504432-201|AI504432|6117|lncRNA|",35.8912005967636,2.75064141277652,0.765078868718131,3.5952390338334,0.000324093864773779,0.040373915966222
"ENSMUST00000041606.14|ENSMUSG00000040536.16|OTTMUSG00000004586|OTTMUST00000010367.1|Necab1-201|Necab1|4922|protein_coding|",256.316305594081,3.53140315994122,0.98228351588707,3.59509561427601,0.000324272460402862,0.040373915966222
"ENSMUST00000143252.2|ENSMUSG00000004105.9|OTTMUSG00000012579|OTTMUST00000029974.1|Angptl2-203|Angptl2|3559|retained_intron|",88.3686877994902,-1.97090435662009,0.548491884109932,-3.59331544133672,0.000326496931834294,0.0405122224390703
"ENSMUST00000041403.12|ENSMUSG00000035086.14|OTTMUSG00000002791|OTTMUST00000005621.1|Becn1-201|Becn1|2123|nonsense_mediated_decay|",478.146251572481,0.883372743259395,0.245839435668459,3.59329145406402,0.000326527003171887,0.0405122224390703
"ENSMUST00000188524.2|ENSMUSG00000025967.17|OTTMUSG00000002614|OTTMUST00000122592.1|Eef1b2-209|Eef1b2|681|protein_coding|",4919.49476553151,-0.639017732339516,0.177944134732891,-3.59111433090355,0.000329267145383334,0.0407141328606845
"ENSMUST00000227130.2|ENSMUSG00000041445.10|OTTMUSG00000069978|OTTMUST00000169407.1|Mmrn2-202|Mmrn2|519|protein_coding|",8.31857992535158,6.55063997365651,1.82413932811891,3.59108532592829,0.000329303796075493,0.0407141328606845
"ENSMUST00000182823.2|ENSMUSG00000051285.18|OTTMUSG00000043373|OTTMUST00000113814.1|Pcmtd1-206|Pcmtd1|2659|protein_coding_CDS_not_defined|",44.5878768537753,8.97877179526685,2.50219481835389,3.58835840015594,0.000332766642670247,0.0410357217411317
"ENSMUST00000157025.8|ENSMUSG00000005609.17|OTTMUSG00000023898|OTTMUST00000058386.1|Ctr9-208|Ctr9|1594|retained_intron|",70.84822724494,-1.19008985044947,0.331708673032821,-3.58775620657865,0.000333535930699834,0.0410357217411317
"ENSMUST00000234120.2|ENSMUSG00000037013.18|OTTMUSG00000073093|OTTMUST00000176858.1|Ss18-204|Ss18|976|nonsense_mediated_decay|",7.72804280534431,6.44533469281796,1.79652243198259,3.58767281614463,0.000333642591085934,0.0410357217411317
"ENSMUST00000170776.8|ENSMUSG00000054893.16|OTTMUSG00000022340|OTTMUST00000147034.1|Zfp667-205|Zfp667|3685|protein_coding|",10.268098363963,-6.74512727177222,1.88050462048468,-3.58687088470634,0.000334669930550944,0.0410907392720123
"ENSMUST00000023448.15|ENSMUSG00000022763.19|OTTMUSG00000025661|OTTMUST00000063168.1|Aifm3-201|Aifm3|2688|protein_coding|",357.44359853712,-1.97274284207859,0.55020872159207,-3.58544451343903,0.000336504546292321,0.0412445122448672
"ENSMUST00000031254.9|ENSMUSG00000029312.13|OTTMUSG00000022027|OTTMUST00000052291.1|Klhl8-201|Klhl8|3193|protein_coding|",207.774023556801,0.916213264589266,0.255732069858884,3.58270773428942,0.000340051001346975,0.0415354709300433
"ENSMUST00000281694.1|ENSMUSG00000108151.3|OTTMUSG00000056683|-|Gm33201-202|Gm33201|1450|lncRNA|",10.003119824377,-6.70752571795738,1.87210529230424,-3.58287845535738,0.000339828753807426,0.0415354709300433
"ENSMUST00000114230.3|ENSMUSG00000096727.4|OTTMUSG00000036472|OTTMUST00000093462.1|Psmb9-201|Psmb9|2884|retained_intron|",34.4907354629693,2.9945829742506,0.836009216866263,3.58199755916045,0.000340976979398953,0.0415768900663329
"ENSMUST00000249627.1|ENSMUSG00000000031.20|OTTMUSG00000014998|-|H19-214|H19|2530|retained_intron|",10.6624904779656,-6.79890141115456,1.89869401969375,-3.58083047644044,0.000342503832235709,0.0416913084036195
"ENSMUST00000163691.3|ENSMUSG00000042622.15|OTTMUSG00000070775|OTTMUST00000171028.1|Maff-202|Maff|1902|protein_coding|",488.499808992328,-1.7269799627875,0.482358679484482,-3.58028172030242,0.000343223958985318,0.0417073038599586
"ENSMUST00000117638.2|ENSMUSG00000062518.8|OTTMUSG00000010681|OTTMUST00000024918.1|Zfp534-201|Zfp534|2885|protein_coding|",12.1126516601814,4.17799734897123,1.16724931575836,3.57935300759359,0.000344445926571985,0.0417295619432992
"ENSMUST00000035258.10|ENSMUSG00000056290.17|OTTMUSG00000028271|OTTMUST00000070057.1|Ms4a4b-201|Ms4a4b|4750|protein_coding|",32.6409574736695,2.78137600620787,0.777084043108323,3.57924735538568,0.000344585197572554,0.0417295619432992
"ENSMUST00000136731.8|ENSMUSG00000034593.17|OTTMUSG00000016492|OTTMUST00000086153.1|Myo5a-206|Myo5a|6480|protein_coding|",787.604390680264,1.35299493982576,0.378220948139255,3.57726071620869,0.000347213818247284,0.0419761360749327
"ENSMUST00000053218.7|ENSMUSG00000048826.8|OTTMUSG00000072204|OTTMUST00000174670.1|Dact2-201|Dact2|3250|protein_coding|",523.291258462689,-0.781685574329524,0.218627739850644,-3.57541808218635,0.000349668654174723,0.0422008963140615
"ENSMUST00000028118.9|ENSMUSG00000026778.14|OTTMUSG00000011317|OTTMUST00000026520.1|Prkcq-201|Prkcq|3583|protein_coding|",11.1754285955169,5.06496803742078,1.41769043612375,3.57268971304442,0.000353333334080661,0.0425639896616845
"ENSMUST00000000707.9|ENSMUSG00000000693.11|OTTMUSG00000022487|OTTMUST00000053823.1|Loxl3-201|Loxl3|4098|protein_coding|",129.915918593722,1.51288232130725,0.423505389719545,3.57228587411631,0.000353878802872962,0.0425639896616845
"ENSMUST00000028522.10|ENSMUSG00000027111.17|OTTMUSG00000013266|OTTMUST00000032063.1|Itga6-201|Itga6|4310|protein_coding|",190.193566130465,1.43001778921426,0.400372441748002,3.57171883002458,0.000354646043706432,0.0425839734243025
"ENSMUST00000031490.11|ENSMUSG00000029512.12|OTTMUSG00000054223|OTTMUST00000134606.1|Ulk1-201|Ulk1|5213|protein_coding|",1095.82932487207,1.42494353196456,0.399113361335216,3.57027268442598,0.000356609804507105,0.0427473180888347
"ENSMUST00000225795.2|ENSMUSG00000044792.8|OTTMUSG00000029126|OTTMUST00000165486.1|Isca1-205|Isca1|3280|retained_intron|",223.901325550548,-1.14717162583777,0.32151038209506,-3.56807023885963,0.000359620111912854,0.0430353500141119
"ENSMUST00000107096.2|ENSMUSG00000030744.14|OTTMUSG00000025334|OTTMUST00000062359.1|Rps3-202|Rps3|952|protein_coding|",547.143789118244,-2.67391867417775,0.751288541123263,-3.55911015251203,0.000372113447932202,0.0443058909332923
"ENSMUST00000022340.5|ENSMUSG00000021806.5|OTTMUSG00000068714|OTTMUST00000166037.1|Nid2-201|Nid2|4876|protein_coding|",1056.87445702952,1.02980410998078,0.289332673897582,3.55923890692453,0.000371931083131807,0.0443058909332923
"ENSMUST00000230000.2|ENSMUSG00000068086.7|OTTMUSG00000071003|OTTMUST00000171700.1|Cyp2d9-206|Cyp2d9|625|protein_coding|",15.4408215789474,7.44557027975121,2.09191550228737,3.55921177103471,0.000371969510834317,0.0443058909332923
"ENSMUST00000136481.8|ENSMUSG00000002455.15|OTTMUSG00000016808|OTTMUST00000040822.1|Prpf6-203|Prpf6|3048|protein_coding|",2095.79387772177,-0.933923451622216,0.262545542289492,-3.55718647316601,0.000374848076704595,0.0445566059497656
"ENSMUST00000229130.2|ENSMUSG00000042622.15|OTTMUSG00000070775|OTTMUST00000171027.1|Maff-203|Maff|1873|protein_coding|",146.110809294814,-2.89770304516659,0.814747367685692,-3.55656631748021,0.000375733662923436,0.0445870613335811
"ENSMUST00000226058.2|ENSMUSG00000024589.19|OTTMUSG00000068477|OTTMUST00000165567.1|Nedd4l-211|Nedd4l|3393|protein_coding|",631.663449698988,-1.19349818831059,0.335739893559384,-3.55482982870337,0.000378223795931077,0.0448075026738147
"ENSMUST00000211291.2|ENSMUSG00000085715.4|OTTMUSG00000018294|OTTMUST00000147296.1|Tsix-202|Tsix|3263|lncRNA|",58.2741922208175,-3.97318312033419,1.11833504529267,-3.55276635303368,0.000381202884289075,0.0450850369525463
"ENSMUST00000046893.10|ENSMUSG00000038390.12|OTTMUSG00000056674|OTTMUST00000139870.1|Gpr162-201|Gpr162|2676|protein_coding|",9.23436742612234,5.72268631616078,1.61167544632444,3.55076844361677,0.000384108198000247,0.0453529352985491
"ENSMUST00000042586.10|ENSMUSG00000034833.11|OTTMUSG00000065224|OTTMUST00000158953.1|Tespa1-201|Tespa1|1663|protein_coding|",12.0794556070646,4.16225142025329,1.17242160867526,3.55013195718586,0.000385038099725641,0.0453870867503549
"ENSMUST00000112456.9|ENSMUSG00000040990.18|OTTMUSG00000019443|OTTMUST00000046424.1|Sh3kbp1-206|Sh3kbp1|7317|protein_coding|",39.2830691427568,1.44698413177436,0.407669616568764,3.54940391180782,0.000386104347878988,0.0454371701347825
"ENSMUST00000091117.4|ENSMUSG00000069008.4|OTTMUSG00000052578|OTTMUST00000131788.1|Gm5537-201|Gm5537|1252|processed_pseudogene|",282.057544079872,-1.87939700161918,0.52958334857888,-3.54882193079235,0.000386958663456005,0.0454621883148876
"ENSMUST00000155854.8|ENSMUSG00000032740.18|OTTMUSG00000005327|OTTMUST00000011877.1|Ccdc88a-207|Ccdc88a|1217|protein_coding|",6.27514518431947,6.14751247962298,1.73470184635496,3.54384385566916,0.000394338715419154,0.0462525363495936
"ENSMUST00000026519.10|ENSMUSG00000062822.9|OTTMUSG00000068107|OTTMUST00000164633.1|4833420G17Rik-201|4833420G17Rik|2565|protein_coding|",236.187245367201,-1.27373593668648,0.359784621293124,-3.54027343389072,0.000399712670071056,0.0468053626421717
"ENSMUST00000102709.8|ENSMUSG00000027048.17|OTTMUSG00000012983|OTTMUST00000031269.1|Abcb11-201|Abcb11|5025|protein_coding|",585.184756227325,-5.1043095916255,1.44231335525814,-3.53897408840948,0.000401685279429639,0.0469587325675138
"ENSMUST00000232807.2|ENSMUSG00000094145.3|OTTMUSG00000040017|OTTMUST00000175395.1|Vmn2r20-202|Vmn2r20|15552|nonsense_mediated_decay|",24.8946357132047,2.44964827289103,0.692887982843067,3.53541746075549,0.000407131412495407,0.0473528805276959
"ENSMUST00000110492.2|ENSMUSG00000050271.13|OTTMUSG00000022666|OTTMUST00000054307.1|Prag1-201|Prag1|4780|protein_coding|",158.487646737981,0.981488369329416,0.277598891885808,3.53563504040627,0.000406796269930314,0.0473528805276959
"ENSMUST00000110457.8|ENSMUSG00000022272.18|OTTMUSG00000020342|OTTMUST00000048259.1|Myo10-202|Myo10|8125|protein_coding|",2979.01467721838,0.671612806204724,0.189987921823545,3.53502896267531,0.000407730465838949,0.0473528805276959
"ENSMUST00000237975.2|ENSMUSG00000073542.4|OTTMUSG00000074442|OTTMUST00000180662.1|Cep76-203|Cep76|323|protein_coding_CDS_not_defined|",6.3753895168209,6.16469763267258,1.74365131163392,3.53551056426289,0.000406987971625236,0.0473528805276959
"ENSMUST00000313589.1|ENSMUSG00000132705.1|-|-|ENSMUST00000313589|ENSMUSG00000132705|1378|lncRNA|",446.298568570711,-1.36610509747434,0.386802641524676,-3.53178843890391,0.000412759436899475,0.0478584771648223
"ENSMUST00000364548.1|ENSMUSG00000141314.1|-|-|ENSMUST00000364548|ENSMUSG00000141314|1203|lncRNA|",20.270271726321,6.86819616433392,1.94597250067884,3.52944153215833,0.000416437711016344,0.0481974471218591
"ENSMUST00000031835.14|ENSMUSG00000029811.15|OTTMUSG00000034260|OTTMUST00000087054.1|Aoc1-201|Aoc1|2675|protein_coding|",8.5050597991523,6.5905286647901,1.86773256751228,3.52862544639801,0.000417723907921934,0.0481974471218591
"ENSMUST00000355788.1|ENSMUSG00000139834.1|-|-|ENSMUST00000355788|ENSMUSG00000139834|834|lncRNA|",81.1559379316249,-1.66163852776961,0.470894153641509,-3.52868795443703,0.000417625260702461,0.0481974471218591
"ENSMUST00000211136.2|ENSMUSG00000031666.16|OTTMUSG00000031746|OTTMUST00000149786.1|Rbl2-210|Rbl2|4504|protein_coding|",42.7439641129258,8.91788985028588,2.52767323903173,3.5281023324447,0.000418550315025099,0.0482142740124197
"ENSMUST00000230743.2|ENSMUSG00000003355.8|OTTMUSG00000070933|OTTMUST00000171479.1|Fkbp11-203|Fkbp11|1314|retained_intron|",23.3027496623395,-2.45653029026402,0.696362336646813,-3.52766104797242,0.000419248636203912,0.0482163155571914
"ENSMUST00000241826.2|ENSMUSG00000109084.3|OTTMUSG00000059104|-|Gm44955-204|Gm44955|1096|lncRNA|",15.5955510048425,-4.43081699056307,1.25655713259261,-3.52615641234005,0.000421637871067953,0.0484125013580844
"ENSMUST00000366762.1|ENSMUSG00000141748.1|-|-|ENSMUST00000366762|ENSMUSG00000141748|1131|lncRNA|",7.24563924711615,6.35767332820232,1.80363945546643,3.52491364553688,0.000423620861904595,0.0485614827520537
"ENSMUST00000129081.8|ENSMUSG00000024807.19|OTTMUSG00000032981|OTTMUST00000082240.1|Syvn1-202|Syvn1|842|protein_coding|",23.8351567080187,-1.91149990036785,0.542477848719506,-3.52364599749069,0.000425652523162898,0.0487155530710054
"ENSMUST00000245447.2|ENSMUSG00000112627.4|OTTMUSG00000064251|-|4933412E12Rik-212|4933412E12Rik|1529|lncRNA|",5.84284845613495,6.04659972223831,1.71627163135001,3.52310182828234,0.000426527451904991,0.0487369529076729
"ENSMUST00000136308.2|ENSMUSG00000038816.15|OTTMUSG00000007317|OTTMUST00000016927.1|Ctnnal1-208|Ctnnal1|622|protein_coding_CDS_not_defined|",13.7425280416423,-4.68714229713364,1.33090987510536,-3.52175784762481,0.000428695537694308,0.0488271811453627
"ENSMUST00000134063.8|ENSMUSG00000048120.17|OTTMUSG00000029031|OTTMUST00000072026.1|Entpd1-204|Entpd1|2409|protein_coding|",411.619346240965,1.30715814472853,0.371145320715444,3.5219577663239,0.000428372382230853,0.0488271811453627
"ENSMUST00000323531.1|ENSMUSG00000120688.2|-|-|Gm56837-207|Gm56837|1473|lncRNA|",69.7662489018809,-4.2682856938036,1.21263914863411,-3.51983168167652,0.000431820740792297,0.0490254944882844
"ENSMUST00000134663.2|ENSMUSG00000024388.12|OTTMUSG00000033977|OTTMUST00000085749.1|Myo7b-201|Myo7b|6621|protein_coding|",299.612874042496,-1.71131432520391,0.486159995213056,-3.52006405721214,0.000431442586534724,0.0490254944882844
"ENSMUST00000105347.2|ENSMUSG00000035478.15|OTTMUSG00000019125|OTTMUST00000045816.1|Mbd3-202|Mbd3|914|protein_coding|",192.760974074674,0.83212762579789,0.236450958200818,3.51923981247376,0.000432785312160137,0.0490563882474764
"ENSMUST00000112669.10|ENSMUSG00000033111.17|OTTMUSG00000068587|-|Cep15-201|Cep15|2477|protein_coding|",45.7549499241685,-8.90115970247336,2.52960772529456,-3.51879052766447,0.000433518855838936,0.0490610380559961
"ENSMUST00000198238.5|ENSMUSG00000029345.14|OTTMUSG00000023449|OTTMUST00000134795.1|Tfip11-204|Tfip11|726|protein_coding|",9.84144269487672,-6.68630585952401,1.90074627304317,-3.51772667101904,0.000435260436848908,0.049179569997008
"ENSMUST00000105742.8|ENSMUSG00000078503.10|OTTMUSG00000011027|OTTMUST00000025842.1|Zfp990-202|Zfp990|2996|protein_coding|",55.42965292379,2.73027230372401,0.776602719124254,3.51566153000705,0.000438659826016002,0.049484739990888
"ENSMUST00000161308.8|ENSMUSG00000060743.13|OTTMUSG00000021525|OTTMUST00000051055.1|H3f3a-205|H3f3a|2841|protein_coding|",1431.16848281112,0.376186924029815,0.107025693595115,3.51492161735435,0.000439883800851655,0.0495439236685766
"ENSMUST00000032519.12|ENSMUSG00000030365.12|OTTMUSG00000034582|OTTMUST00000087740.1|Clec2i-201|Clec2i|1014|protein_coding|",11.7828730535465,5.13786612946561,1.46198645597601,3.51430487503087,0.000440906460774771,0.0495802814398855
"ENSMUST00000215746.2|ENSMUSG00000061393.15|OTTMUSG00000062989|OTTMUST00000153312.1|Acvr2b-205|Acvr2b|3175|protein_coding|",668.983068533339,-0.559760180458092,0.159322369105623,-3.5133809746891,0.000442442592225911,0.0496741727474682
"ENSMUST00000023884.7|ENSMUSG00000023120.10|OTTMUSG00000009562|OTTMUST00000021892.1|Ldc1-201|Ldc1|2314|protein_coding|",48.072846967694,-8.97248691806757,2.55479706870005,-3.51201550526008,0.000444722052329469,0.0496938313489415
"ENSMUST00000085018.6|ENSMUSG00000032599.13|OTTMUSG00000050674|OTTMUST00000128463.1|Ip6k2-201|Ip6k2|1846|protein_coding|",422.78598297579,-1.89741440545571,0.54015305005839,-3.51273477998615,0.000443519961137751,0.0496938313489415
"ENSMUST00000118717.10|ENSMUSG00000033715.16|OTTMUSG00000027938|OTTMUST00000069195.1|Akr1c14-202|Akr1c14|3183|protein_coding|",510.069828494795,4.04984045204791,1.1531021668588,3.51212630454089,0.000444536680593054,0.0496938313489415
"ENSMUST00000057198.9|ENSMUSG00000050549.9|OTTMUSG00000052815|OTTMUST00000132190.1|Fam241a-201|Fam241a|1607|protein_coding|",131.575217940819,-1.29081760714863,0.367779205056976,-3.50976235034456,0.000448507360147148,0.0499413197808982
"ENSMUST00000323155.1|ENSMUSG00000120233.2|-|-|Gm32006-264|Gm32006|1820|lncRNA|",77.7607798766406,-4.06358320183056,1.15790081994982,-3.5094397825944,0.000449051729157475,0.0499413197808982
"ENSMUST00000034443.7|ENSMUSG00000031962.7|OTTMUSG00000061871|OTTMUST00000150983.1|Cdh15-201|Cdh15|3251|protein_coding|",23.4984067349263,-3.82765954065053,1.09060497512599,-3.50966631177192,0.000448669371513742,0.0499413197808982
